Set parameter WLSAccessID
Set parameter WLSSecret
Set parameter LicenseID to value 2831685
Academic license 2831685 - for non-commercial use only - registered to fl___@protonmail.com
Read LP format model from file models/prince_0_4_full.lp
Reading time = 0.10 seconds
: 3524 rows, 1088 columns, 19504 nonzeros
Gurobi Optimizer version 13.0.2 build v13.0.2rc1 (linux64 - "Ubuntu 24.04.4 LTS")

CPU model: 13th Gen Intel(R) Core(TM) i5-1340P, instruction set [SSE2|AVX|AVX2]
Thread count: 8 physical cores, 16 logical processors, using up to 16 threads

Academic license 2831685 - for non-commercial use only - registered to fl___@protonmail.com
Optimize a model with 3524 rows, 1088 columns and 19504 nonzeros (Min)
Model fingerprint: 0x13a7105e
Model has 128 linear objective coefficients
Variable types: 0 continuous, 1088 integer (1088 binary)
Coefficient statistics:
  Matrix range     [1e+00, 1e+01]
  Objective range  [2e+00, 4e+00]
  Bounds range     [1e+00, 1e+00]
  RHS range        [1e+00, 4e+00]

Presolve removed 272 rows and 400 columns
Presolve time: 0.04s
Presolved: 3252 rows, 688 columns, 20448 nonzeros
Variable types: 0 continuous, 688 integer (688 binary)

Root relaxation: objective 3.818806e-01, 540 iterations, 0.02 seconds (0.02 work units)

    Nodes    |    Current Node    |     Objective Bounds      |     Work
 Expl Unexpl |  Obj  Depth IntInf | Incumbent    BestBd   Gap | It/Node Time

     0     0    0.38188    0   27          -    0.38188      -     -    0s
H    0     0                      52.0000000    0.38188  99.3%     -    0s
H    0     0                      48.0000000    0.38188  99.2%     -    0s
     0     0    2.00000    0   38   48.00000    2.00000  95.8%     -    0s
H    0     0                      44.0000000    2.00000  95.5%     -    0s
     0     0    2.00000    0   18   44.00000    2.00000  95.5%     -    0s
H    0     0                      40.0000000    2.00000  95.0%     -    0s
     0     0    2.00000    0   18   40.00000    2.00000  95.0%     -    0s
     0     0    2.00000    0   15   40.00000    2.00000  95.0%     -    0s
     0     0    2.00000    0   15   40.00000    2.00000  95.0%     -    0s
     0     0    2.00000    0   15   40.00000    2.00000  95.0%     -    0s
     0     0    2.00000    0   14   40.00000    2.00000  95.0%     -    0s
     0     0    2.00000    0   14   40.00000    2.00000  95.0%     -    0s
     0     0    2.00000    0   15   40.00000    2.00000  95.0%     -    0s
     0     0    2.00000    0   15   40.00000    2.00000  95.0%     -    0s
     0     0    2.00000    0   15   40.00000    2.00000  95.0%     -    0s
     0     0    2.00000    0   20   40.00000    2.00000  95.0%     -    0s
     0     0    2.00000    0   20   40.00000    2.00000  95.0%     -    0s
     0     0    2.00000    0   20   40.00000    2.00000  95.0%     -    0s
     0     0    2.00000    0   16   40.00000    2.00000  95.0%     -    0s
     0     0    2.00000    0   16   40.00000    2.00000  95.0%     -    0s
     0     0    2.00000    0   16   40.00000    2.00000  95.0%     -    0s
     0     0    2.00000    0   16   40.00000    2.00000  95.0%     -    0s
     0     2    2.00000    0   16   40.00000    2.00000  95.0%     -    0s
H   27    37                      38.0000000    2.11833  94.4%   414    0s
H  126   121                      34.0000000    2.11833  93.8%   507    2s
H  313   289                      32.0000000    2.11833  93.4%   451    4s
   398   345    9.27598   12  225   32.00000    2.61449  91.8%   438    5s
  1004   803   13.73373   19  401   32.00000    4.00000  87.5%   449   10s
  1945  1353   10.77347   13   16   32.00000    5.21460  83.7%   389   15s
  2171  1502   13.27933   31  310   32.00000    5.21460  83.7%   413   20s
  2381  1557 infeasible   43        32.00000    5.21460  83.7%   428   25s
  2567  1611   11.44291   29  242   32.00000    5.21460  83.7%   444   30s
  2802  1639 infeasible   28        32.00000    5.21460  83.7%   465   35s
  3024  1681   10.72030   27  222   32.00000    5.21460  83.7%   483   40s
  3357  1753   17.72410   41  373   32.00000    5.32706  83.4%   497   46s
  3676  1801   18.78543   33  231   32.00000    5.83704  81.8%   517   50s
  4108  1809    8.34896   30  358   32.00000    6.00000  81.2%   517   56s
  4513  1835   11.18188   30  270   32.00000    6.41995  79.9%   521   61s
  4666  1911   24.40611   44  269   32.00000    6.63878  79.3%   525   66s
  4859  1955   12.81980   25  449   32.00000    6.83304  78.6%   525   70s
  5288  2042 infeasible   37        32.00000    6.88981  78.5%   525   76s
  5632  2121   23.18148   39  256   32.00000    7.25721  77.3%   526   80s
  6091  2186   17.42788   30  283   32.00000    7.45766  76.7%   525   85s
  6468  2367     cutoff   52        32.00000    7.59178  76.3%   523   90s
  6947  2633   14.76764   29  298   32.00000    7.81611  75.6%   526   96s
  7510  2980 infeasible   51        32.00000    7.96893  75.1%   522  103s
  7868  3117   15.53102   29  130   32.00000    8.13376  74.6%   520  106s
  8135  3162   29.45982   41  364   32.00000    8.13376  74.6%   522  110s
  8657  3396   11.73726   24  407   32.00000    8.42352  73.7%   524  117s
  8954  3531   13.29623   30  379   32.00000    8.58136  73.2%   526  121s
  9282  3748   16.86718   36  338   32.00000    8.64366  73.0%   523  125s
 10085  4037   21.36487   27  318   32.00000    8.84403  72.4%   520  134s
 10374  4128 infeasible   33        32.00000    8.94081  72.1%   521  138s
 10696  4303   28.27311   42  295   32.00000    8.95323  72.0%   523  143s
 11039  4406 infeasible   34        32.00000    9.07417  71.6%   523  148s
 11558  4632   14.91272   27  403   32.00000    9.21195  71.2%   519  153s
 12026  4830 infeasible   39        32.00000    9.33311  70.8%   517  159s
 12555  5121   18.95707   39  341   32.00000    9.40686  70.6%   515  165s
 13109  5356 infeasible   44        32.00000    9.48974  70.3%   512  170s
 13571  5453   19.79643   28  283   32.00000    9.59037  70.0%   513  178s
 13819  5571 infeasible   32        32.00000    9.65611  69.8%   512  184s
 14226  5852 infeasible   34        32.00000    9.78575  69.4%   517  191s
 14900  6062   14.50001   22  432   32.00000    9.86536  69.2%   513  199s
 15434  6389     cutoff   35        32.00000    9.98865  68.8%   516  206s
 16218  6551   13.69988   30  430   32.00000   10.04827  68.6%   512  213s
 16741  6782   13.44431   24  383   32.00000   10.12987  68.3%   513  220s
 17305  6984   22.57208   26  258   32.00000   10.23257  68.0%   514  227s
 17889  7283   13.22996   25  247   32.00000   10.29524  67.8%   515  235s
 18595  7462   14.88810   31  365   32.00000   10.40864  67.5%   514  243s
 19167  7769   17.71321   39  335   32.00000   10.49835  67.2%   516  252s
 19959  7993 infeasible   39        32.00000   10.60398  66.9%   515  261s
 20672  8368     cutoff   45        32.00000   10.65936  66.7%   516  270s
 21434  8527   23.95888   31  208   32.00000   10.74717  66.4%   516  280s
 22070  8836   16.83197   24  348   32.00000   10.84473  66.1%   519  289s
 22991  8987   16.39123   28  356   32.00000   10.94659  65.8%   518  300s
 23773  9258   20.08262   35  261   32.00000   11.07967  65.4%   519  310s
 24490  9426 infeasible   40        32.00000   11.17409  65.1%   522  320s
 25256  9689     cutoff   46        32.00000   11.29485  64.7%   523  331s
 26028  9881 infeasible   38        32.00000   11.38190  64.4%   524  341s
 26760 10123   15.44892   26  208   32.00000   11.49060  64.1%   526  352s
 27533 10434     cutoff   31        32.00000   11.56083  63.9%   527  364s
 28412 10611 infeasible   34        32.00000   11.63339  63.6%   526  374s
 29165 11015   16.07399   28  300   32.00000   11.75606  63.3%   527  385s
 30125 11016   14.70284   34   16   32.00000   11.83044  63.0%   525  392s
 30190 11069   11.83044   34  259   32.00000   11.83044  63.0%   525  395s
 30333 11141   13.05542   42  234   32.00000   11.83044  63.0%   526  400s
 30478 11178   15.62229   51  304   32.00000   11.83044  63.0%   527  405s
 30597 11217   11.83044   34  247   32.00000   11.83044  63.0%   528  410s
 30749 11280   12.05138   41  445   32.00000   11.83044  63.0%   529  415s
 30976 11330   20.25188   50  335   32.00000   11.83044  63.0%   530  420s
 31173 11350   18.26775   43  273   32.00000   11.83044  63.0%   530  425s
 31312 11384   11.83044   31  280   32.00000   11.83044  63.0%   530  430s
 31443 11465 infeasible   45        32.00000   11.83044  63.0%   530  435s
 31788 11503   12.21238   39  356   32.00000   11.83044  63.0%   530  441s
 31960 11542   16.76179   44  397   32.00000   11.83044  63.0%   530  445s
 32289 11660     cutoff   46        32.00000   11.83044  63.0%   530  450s
 32530 11686   14.87017   41  195   32.00000   11.83044  63.0%   529  455s
 32902 11812   11.83044   37  253   32.00000   11.83044  63.0%   529  462s
 33322 11860   25.38554   50  282   32.00000   11.83044  63.0%   528  466s
 33788 12030   15.86013   36  315   32.00000   11.83044  63.0%   526  472s
 34312 12123 infeasible   48        32.00000   11.83044  63.0%   524  477s
 34562 12143   18.43425   50  322   32.00000   11.83044  63.0%   524  480s
 35093 12321   12.29242   42  351   32.00000   11.83044  63.0%   523  486s
 35399 12356 infeasible   57        32.00000   11.83044  63.0%   521  490s
 35995 12439 infeasible   54        32.00000   11.83044  63.0%   520  496s
 36336 12480   11.83044   37  279   32.00000   11.83044  63.0%   519  500s
 36900 12616 infeasible   45        32.00000   11.83044  63.0%   519  508s
 37295 12645   19.15886   44  388   32.00000   11.83044  63.0%   518  512s
 37634 12732 infeasible   46        32.00000   11.83044  63.0%   517  516s
 37983 12797 infeasible   47        32.00000   11.83044  63.0%   517  521s
 38404 12804   13.87815   40  278   32.00000   11.83044  63.0%   516  526s
 38770 12771 infeasible   42        32.00000   11.83044  63.0%   516  531s
 38969 12830 infeasible   41        32.00000   11.83044  63.0%   515  536s
 39233 12874 infeasible   42        32.00000   11.83044  63.0%   514  541s
 39521 13020   13.34920   36  357   32.00000   11.83044  63.0%   514  547s
 39986 13026   14.01845   44  429   32.00000   11.83044  63.0%   513  553s
 40521 13078   11.83044   34  156   32.00000   11.83044  63.0%   511  559s
 41051 13170   24.68665   41  328   32.00000   11.83044  63.0%   510  565s
 41619 13229 infeasible   36        32.00000   11.83044  63.0%   509  572s
 42092 13364     cutoff   53        32.00000   11.83044  63.0%   509  578s
 42696 13370 infeasible   51        32.00000   11.83044  63.0%   508  586s
 43218 13491     cutoff   49        32.00000   11.83044  63.0%   508  593s
 43821 13458 infeasible   44        32.00000   11.83044  63.0%   507  600s
 44263 13642   17.78217   48  392   32.00000   11.83044  63.0%   508  608s
 44961 13661   15.86954   46  335   32.00000   11.83044  63.0%   507  617s
 45607 13681 infeasible   51        32.00000   11.83044  63.0%   506  625s
 46229 13640   15.32812   43  309   32.00000   11.83044  63.0%   505  635s
 46664 13781 infeasible   41        32.00000   11.83044  63.0%   505  644s
 47426 13900   23.74088   45  298   32.00000   11.83044  63.0%   504  655s
 48283 13955   17.82991   41  321   32.00000   11.83044  63.0%   503  665s
 49023 14112   22.28074   49  264   32.00000   11.83044  63.0%   503  675s
 49961 14154 infeasible   42        32.00000   11.83044  63.0%   501  686s
 50858 14314     cutoff   48        32.00000   11.83044  63.0%   500  696s
 51690 14361 infeasible   49        32.00000   11.83044  63.0%   500  706s
 52549 14326   20.12267   39  336   32.00000   11.83044  63.0%   499  716s
 53313 14426   22.33550   53  332   32.00000   11.83044  63.0%   499  727s
 54168 14484 infeasible   48        32.00000   11.83044  63.0%   499  737s
 54998 14655 infeasible   47        32.00000   11.83044  63.0%   498  747s
 55930 14607   27.10304   58  324   32.00000   11.83044  63.0%   496  757s
 56733 14749   18.56747   46  384   32.00000   11.83044  63.0%   496  768s
 57578 14809   18.69856   42  324   32.00000   11.83044  63.0%   495  778s
 58514 14960   23.66872   44  162   32.00000   11.83044  63.0%   494  788s
 59464 14943 infeasible   44        32.00000   11.83044  63.0%   493  799s
 60294 15063   13.15852   49  362   32.00000   11.83044  63.0%   493  809s
 61208 14994   21.22398   50  326   32.00000   11.83044  63.0%   492  819s
 61951 14909 infeasible   54        32.00000   11.83044  63.0%   492  829s
 62378 15031   21.76302   51  342   32.00000   11.83044  63.0%   492  840s
 63046 15106 infeasible   44        32.00000   11.83044  63.0%   492  852s
 63886 15470   15.15120   40  398   32.00000   11.83044  63.0%   491  863s
 64900 15760   15.80442   44  307   32.00000   11.83044  63.0%   490  874s
 65665 16233   19.18204   53  393   32.00000   11.83044  63.0%   490  885s
 66672 16530   17.33748   41  325   32.00000   11.83044  63.0%   489  896s
 67596 16897 infeasible   47        32.00000   11.90288  62.8%   488  906s
 68474 17174 infeasible   40        32.00000   11.96651  62.6%   488  916s
 69311 17606   19.99331   44  374   32.00000   12.03633  62.4%   488  927s
 70277 17841   24.42646   59  363   32.00000   12.12151  62.1%   487  937s
 71178 18260   29.59150   51  253   32.00000   12.18361  61.9%   486  947s
 72232 18473 infeasible   47        32.00000   12.24270  61.7%   484  957s
 72943 18759 infeasible   60        32.00000   12.28710  61.6%   485  967s
 73821 19183   22.42478   40  271   32.00000   12.33643  61.4%   484  977s
 74727 19548 infeasible   51        32.00000   12.37283  61.3%   483  987s
 75650 19833   19.45167   47  347   32.00000   12.40851  61.2%   482  997s
 76478 20160   21.80982   49  376   32.00000   12.42940  61.2%   482 1006s
 77281 20571 infeasible   43        32.00000   12.47696  61.0%   481 1015s
 78165 20869 infeasible   59        32.00000   12.50197  60.9%   480 1024s
 78902 21261   18.90649   47  345   32.00000   12.52611  60.9%   480 1033s
 79815 21544   21.90550   47  390   32.00000   12.55944  60.8%   479 1042s
 80594 21913   27.13480   59  438   32.00000   12.59988  60.6%   478 1051s
 81480 22135   23.39517   44  259   32.00000   12.63545  60.5%   477 1061s
 82053 22412   23.49957   45  255   32.00000   12.65347  60.5%   477 1070s
 82744 22721   16.74393   42  173   32.00000   12.68509  60.4%   477 1080s
 83519 23068   19.26590   47  338   32.00000   12.73415  60.2%   477 1089s
 84374 23332   21.21018   49  323   32.00000   12.75104  60.2%   476 1098s
 85105 23672   17.55334   45  265   32.00000   12.79057  60.0%   476 1108s
 85935 23961   18.94193   48  368   32.00000   12.81205  60.0%   476 1117s
 86691 24377   21.98112   50  281   32.00000   12.83542  59.9%   476 1126s
 87558 24611   15.40749   44  257   32.00000   12.85917  59.8%   475 1136s
 88306 24894   15.00583   43  407   32.00000   12.88538  59.7%   475 1145s
 89087 25233   16.63793   43  417   32.00000   12.91953  59.6%   474 1154s
 89915 25540 infeasible   49        32.00000   12.94879  59.5%   474 1165s
 90805 25795   15.00555   41  413   32.00000   12.97939  59.4%   474 1174s
 91542 25983   27.08668   43  107   32.00000   13.00503  59.4%   474 1184s
 92276 26390   19.59618   46  285   32.00000   13.03130  59.3%   474 1194s
 93204 26645   28.73382   58  367   32.00000   13.06485  59.2%   473 1203s
 94022 27012   23.69591   50  335   32.00000   13.10389  59.1%   473 1213s
 94928 27192 infeasible   51        32.00000   13.14263  58.9%   472 1223s
 95635 27500 infeasible   41        32.00000   13.16941  58.8%   473 1232s
 96491 27802   28.69729   45  241   32.00000   13.20129  58.7%   472 1242s
 97264 27951   25.95675   49  382   32.00000   13.22704  58.7%   472 1252s
 97993 28322 infeasible   46        32.00000   13.26155  58.6%   472 1262s
 98814 28727   20.81405   45  400   32.00000   13.28620  58.5%   472 1271s
 99742 28952   20.09953   54  352   32.00000   13.31059  58.4%   471 1281s
 100431 29189   27.08096   57   94   32.00000   13.33967  58.3%   472 1291s
 101219 29495 infeasible   45        32.00000   13.37185  58.2%   472 1301s
 102050 29712 infeasible   67        32.00000   13.40036  58.1%   472 1310s
 102826 30013   17.62242   43  371   32.00000   13.44276  58.0%   472 1320s
 103663 30177   25.06557   67  369   32.00000   13.46275  57.9%   471 1330s
 104106 30390   19.35811   44  209   32.00000   13.47456  57.9%   471 1341s
 104756 30522 infeasible   44        32.00000   13.48048  57.9%   471 1351s
 105309 30958   21.71155   48  410   32.00000   13.49147  57.8%   471 1366s
 106502 31300 infeasible   53        32.00000   13.55551  57.6%   471 1377s
 107430 31576   15.92837   47  372   32.00000   13.58742  57.5%   471 1388s
 108303 31943   15.40507   42  383   32.00000   13.62956  57.4%   471 1399s
 109257 32157   28.01526   48  295   32.00000   13.67132  57.3%   470 1409s
 110048 32584   22.74708   51  367   32.00000   13.71595  57.1%   470 1419s
 111038 32763   26.04508   67  367   32.00000   13.74779  57.0%   469 1430s
 111857 33125   17.35859   42  247   32.00000   13.78750  56.9%   469 1440s
 112753 33337   24.31669   41  115   32.00000   13.81875  56.8%   469 1450s
 113513 33521   18.39917   42  269   32.00000   13.84425  56.7%   469 1460s
 114193 33813   19.34531   57  364   32.00000   13.85841  56.7%   469 1470s
 114969 34007   25.54827   49  287   32.00000   13.86507  56.7%   469 1480s
 115799 34277 infeasible   57        32.00000   13.94022  56.4%   469 1490s
 116689 34508   23.43749   59  334   32.00000   13.96849  56.3%   468 1501s
 117559 34808 infeasible   48        32.00000   14.00037  56.2%   468 1511s
 118491 35085   28.75673   48  280   32.00000   14.03702  56.1%   468 1521s
 119318 35376   15.25947   42  298   32.00000   14.06416  56.0%   468 1531s
 120271 35532 infeasible   48        32.00000   14.09032  56.0%   467 1540s
 120978 35774     cutoff   47        32.00000   14.11908  55.9%   467 1550s
 121844 35964   18.17467   46  403   32.00000   14.14383  55.8%   467 1559s
 122575 36220   21.09280   46  357   32.00000   14.18204  55.7%   467 1568s
 123451 36472   16.34164   42  328   32.00000   14.19284  55.6%   466 1577s
 124183 36844 infeasible   52        32.00000   14.22509  55.5%   466 1586s
 125045 37125 infeasible   58        32.00000   14.24716  55.5%   465 1596s
 125866 37406   23.96187   55  108   32.00000   14.27179  55.4%   465 1605s
 126558 37623 infeasible   45        32.00000   14.29468  55.3%   465 1615s
 127198 37888   22.37031   45  263   32.00000   14.31886  55.3%   465 1624s
 127907 38179   29.67751   56  297   32.00000   14.33900  55.2%   465 1633s
 128650 38331   24.33859   41  155   32.00000   14.36696  55.1%   465 1643s
 129397 38653   17.86511   41  274   32.00000   14.38856  55.0%   465 1653s
 130247 38866 infeasible   42        32.00000   14.41367  55.0%   465 1662s
 130975 39227     cutoff   65        32.00000   14.44432  54.9%   465 1672s
 131855 39472   25.49772   41  226   32.00000   14.46511  54.8%   465 1682s
 132683 39783   20.14346   53  259   32.00000   14.48954  54.7%   464 1691s
 133568 40114   23.40124   54  211   32.00000   14.50702  54.7%   464 1701s
 134366 40480   20.60444   42  242   32.00000   14.52599  54.6%   464 1711s
 135307 40677   20.71037   42  422   32.00000   14.54671  54.5%   463 1720s
 136042 40994   15.82248   47  361   32.00000   14.56880  54.5%   463 1729s
 136828 41279 infeasible   54        32.00000   14.57736  54.4%   463 1738s
 137690 41641   26.43555   44  186   32.00000   14.59542  54.4%   463 1748s
 138509 41817 infeasible   49        32.00000   14.61307  54.3%   462 1757s
 139152 42116   22.23351   43  416   32.00000   14.62599  54.3%   462 1767s
 139950 42434   18.03184   47  394   32.00000   14.65387  54.2%   462 1777s
 140741 42646   27.81008   56  277   32.00000   14.67070  54.2%   462 1787s
 141222 42870     cutoff   54        32.00000   14.67277  54.1%   462 1797s
 141973 43152   23.78888   58  364   32.00000   14.69380  54.1%   462 1807s
 142816 43480 infeasible   44        32.00000   14.71681  54.0%   462 1817s
 143765 43668     cutoff   49        32.00000   14.73634  53.9%   461 1827s
 144506 44017   19.30699   43  254   32.00000   14.75865  53.9%   461 1836s
 145426 44306 infeasible   46        32.00000   14.77551  53.8%   461 1846s
 146278 44446   16.95582   50  240   32.00000   14.79265  53.8%   460 1856s
 146697 44623 infeasible   51        32.00000   14.79481  53.8%   460 1866s
 147169 44771   28.54990   52  305   32.00000   14.80121  53.7%   460 1877s
 147843 45087   24.48667   56  402   32.00000   14.81206  53.7%   460 1887s
 148703 45283   17.08270   46  354   32.00000   14.82769  53.7%   460 1897s
 149478 45573   18.23794   43  394   32.00000   14.86323  53.6%   460 1908s
 150476 45698 infeasible   51        32.00000   14.88160  53.5%   459 1917s
 151172 45987   16.10955   43  392   32.00000   14.89727  53.4%   459 1926s
 152057 46166 infeasible   45        32.00000   14.91244  53.4%   459 1934s
 152780 46395 infeasible   48        32.00000   14.92903  53.3%   459 1943s
 153564 46596     cutoff   53        32.00000   14.94395  53.3%   458 1952s
 154240 46873   24.06693   59  402   32.00000   14.95987  53.3%   459 1961s
 155080 47134   20.96383   51  338   32.00000   14.97187  53.2%   458 1970s
 155876 47409 infeasible   39        32.00000   14.99806  53.1%   458 1980s
 156735 47615 infeasible   49        32.00000   15.01346  53.1%   458 1989s
 157449 47942   17.56868   46  357   32.00000   15.03466  53.0%   458 1998s
 158279 48111   23.88464   44  262   32.00000   15.05125  53.0%   457 2008s
 159115 48311   15.45252   40  203   32.00000   15.07267  52.9%   457 2018s
 159907 48474 infeasible   51        32.00000   15.09232  52.8%   457 2027s
 160602 48776   18.44426   52  378   32.00000   15.12058  52.7%   457 2037s
 161466 48923   27.77794   42   99   32.00000   15.13514  52.7%   457 2046s
 162170 49150 infeasible   50        32.00000   15.15730  52.6%   457 2056s
 162938 49351   24.08459   58  308   32.00000   15.17432  52.6%   457 2065s
 163679 49590   25.23630   61  206   32.00000   15.19854  52.5%   457 2075s
 164376 49754   20.63289   43  389   32.00000   15.21479  52.5%   457 2085s
 165157 50126   28.40447   55  400   32.00000   15.23493  52.4%   457 2096s
 166160 50281   24.66148   61  327   32.00000   15.24634  52.4%   457 2105s
 166882 50594 infeasible   51        32.00000   15.26772  52.3%   457 2115s
 167815 50751 infeasible   44        32.00000   15.28776  52.2%   456 2125s
 168523 51073     cutoff   49        32.00000   15.30561  52.2%   456 2134s
 169357 51129     cutoff   51        32.00000   15.32096  52.1%   456 2145s
 169794 51283 infeasible   49        32.00000   15.33090  52.1%   456 2155s
 170458 51550   28.82592   54  370   32.00000   15.33982  52.1%   456 2165s
 171262 51654 infeasible   42        32.00000   15.34774  52.0%   456 2176s
 171959 52026   16.18624   43  388   32.00000   15.38897  51.9%   456 2186s
 172982 52270   23.58595   44  312   32.00000   15.41400  51.8%   456 2196s
 173851 52500   15.63123   50  175   32.00000   15.43373  51.8%   456 2207s
 174750 52632   23.61328   55  280   32.00000   15.44412  51.7%   455 2217s
 175530 52938 infeasible   46        32.00000   15.46315  51.7%   455 2227s
 176399 53256   17.63824   41  182   32.00000   15.48217  51.6%   455 2237s
 177333 53434 infeasible   53        32.00000   15.49554  51.6%   455 2248s
 178122 53695   21.58332   38  246   32.00000   15.51796  51.5%   455 2258s
 178967 53867 infeasible   44        32.00000   15.53134  51.5%   454 2269s
 179759 54195   28.53078   64  368   32.00000   15.55150  51.4%   454 2280s
 180649 54391     cutoff   67        32.00000   15.56592  51.4%   454 2290s
 181504 54693   16.00795   40  326   32.00000   15.58972  51.3%   454 2300s
 182368 54834 infeasible   49        32.00000   15.61183  51.2%   454 2310s
 183198 54971   23.64263   50  405   32.00000   15.62887  51.2%   454 2320s
 183984 55224   21.62319   47  377   32.00000   15.64908  51.1%   454 2330s
 184890 55329 infeasible   44        32.00000   15.66443  51.0%   453 2339s
 185618 55592   21.85057   45  391   32.00000   15.68698  51.0%   453 2349s
 186463 55768   26.79040   48  297   32.00000   15.70461  50.9%   453 2359s
 187262 56054 infeasible   45        32.00000   15.72545  50.9%   453 2369s
 188159 56289   29.79592   52  226   32.00000   15.73876  50.8%   453 2378s
 189007 56510   20.40438   47  414   32.00000   15.76041  50.7%   452 2388s
 189741 56657 infeasible   49        32.00000   15.77971  50.7%   452 2398s
 190483 56953     cutoff   45        32.00000   15.79443  50.6%   452 2408s
 191340 56967   25.73947   60  175   32.00000   15.80846  50.6%   452 2418s
 191515 57028     cutoff   44        32.00000   15.81229  50.6%   452 2428s
 191873 57227 infeasible   47        32.00000   15.81731  50.6%   452 2438s
 192470 57484   21.70651   48  386   32.00000   15.82076  50.6%   452 2449s
 193289 57776   22.83249   46  419   32.00000   15.82710  50.5%   452 2459s
 194182 57962 infeasible   44        32.00000   15.86430  50.4%   451 2470s
 195033 58231   18.87656   43  368   32.00000   15.87955  50.4%   451 2480s
 195859 58314   24.97449   54  384   32.00000   15.89056  50.3%   451 2490s
 196389 58486 infeasible   57        32.00000   15.89176  50.3%   451 2501s
 197103 58769   23.05418   54  399   32.00000   15.89405  50.3%   451 2513s
 198056 58934   24.00761   53  367   32.00000   15.92526  50.2%   451 2524s
 198895 59228     cutoff   73        32.00000   15.95227  50.1%   451 2535s
 199894 59434 infeasible   49        32.00000   15.96948  50.1%   450 2546s
 200715 59667   19.31078   39  228   32.00000   15.98876  50.0%   450 2556s
 201615 59933   28.25628   53  370   32.00000   16.00732  50.0%   450 2567s
 202565 60066 infeasible   49        32.00000   16.02662  49.9%   450 2577s
 203363 60296     cutoff   46        32.00000   16.04258  49.9%   450 2587s
 204201 60446 infeasible   47        32.00000   16.05687  49.8%   450 2597s
 205008 60699   23.40924   44  336   32.00000   16.07514  49.8%   450 2607s
 205907 60864 infeasible   53        32.00000   16.09344  49.7%   449 2617s
 206677 61078   22.90733   47  313   32.00000   16.10429  49.7%   449 2627s
 207523 61213   23.36572   54  381   32.00000   16.12038  49.6%   449 2637s
 208330 61448   16.44776   48  391   32.00000   16.14380  49.6%   449 2647s
 209146 61639   29.70627   51  392   32.00000   16.15120  49.5%   449 2657s
 209964 61931   26.48125   52  386   32.00000   16.17146  49.5%   449 2668s
 210915 62098   29.95080   59  378   32.00000   16.19012  49.4%   449 2677s
 211701 62238   29.27518   49  184   32.00000   16.20515  49.4%   449 2687s
 212415 62475   19.45510   43  423   32.00000   16.22329  49.3%   448 2697s
 213346 62631   28.91228   61  383   32.00000   16.24348  49.2%   448 2707s
 214070 62950   22.41218   43  386   32.00000   16.25479  49.2%   448 2717s
 215017 63100 infeasible   60        32.00000   16.27315  49.1%   448 2727s
 215828 63393   20.36168   46  384   32.00000   16.28763  49.1%   448 2736s
 216686 63624 infeasible   47        32.00000   16.29872  49.1%   447 2746s
 217562 63861   20.16452   46  340   32.00000   16.31598  49.0%   447 2756s
 218335 64010   18.62110   55  420   32.00000   16.32758  49.0%   447 2765s
 219062 64300 infeasible   43        32.00000   16.34021  48.9%   447 2775s
 219993 64408   21.51229   48  282   32.00000   16.35954  48.9%   447 2785s
 220787 64652 infeasible   45        32.00000   16.37774  48.8%   447 2794s
 221625 64855   19.71132   49  357   32.00000   16.39076  48.8%   446 2804s
 222415 65075   24.07361   49  244   32.00000   16.40245  48.7%   446 2814s
 223289 65194   19.15042   49  309   32.00000   16.41828  48.7%   446 2823s
 224019 65451 infeasible   47        32.00000   16.43487  48.6%   446 2833s
 224899 65624 infeasible   42        32.00000   16.44861  48.6%   446 2843s
 225712 65775   18.74281   43  249   32.00000   16.46625  48.5%   446 2853s
 226525 66021     cutoff   67        32.00000   16.48450  48.5%   446 2862s
 227333 66121   18.55200   52  251   32.00000   16.49460  48.5%   445 2872s
 228088 66180   19.33992   45  334   32.00000   16.50762  48.4%   445 2882s
 228364 66376     cutoff   44        32.00000   16.50901  48.4%   445 2893s
 228948 66546 infeasible   45        32.00000   16.51102  48.4%   445 2904s
 229656 66800   18.73052   44  337   32.00000   16.52107  48.4%   445 2915s
 230478 66920   26.68570   49  167   32.00000   16.52733  48.4%   445 2927s
 231299 67164   22.55929   44  244   32.00000   16.56509  48.2%   445 2938s
 232178 67323   21.24653   48  317   32.00000   16.57556  48.2%   445 2949s
 232934 67713     cutoff   50        32.00000   16.58818  48.2%   445 2960s
 233985 67884   28.93460   66  384   32.00000   16.60362  48.1%   445 2971s
 234784 68133   25.98195   61  216   32.00000   16.61706  48.1%   445 2982s
 235796 68351   25.77787   53  355   32.00000   16.63759  48.0%   445 2993s
 236685 68520 infeasible   43        32.00000   16.64888  48.0%   444 3004s
 237488 68747   20.43659   40  379   32.00000   16.66343  47.9%   444 3014s
 238364 68963     cutoff   49        32.00000   16.67909  47.9%   444 3025s
 239333 69297   24.03717   55  385   32.00000   16.69617  47.8%   444 3035s
 240356 69440 infeasible   43        32.00000   16.70897  47.8%   444 3043s
 241020 69674   19.55924   44  313   32.00000   16.72230  47.7%   444 3052s
 241804 69808 infeasible   48        32.00000   16.73306  47.7%   443 3062s
 242484 69914 infeasible   51        32.00000   16.74708  47.7%   443 3071s
 243228 70241   18.92504   42  377   32.00000   16.76172  47.6%   443 3080s
 244147 70419   23.64503   60  358   32.00000   16.77474  47.6%   443 3090s
 244968 70705   23.69101   48  282   32.00000   16.78780  47.5%   443 3099s
 245843 70840 infeasible   52        32.00000   16.80365  47.5%   443 3108s
 246540 71101   28.09800   43  282   32.00000   16.81403  47.5%   443 3118s
 247338 71235   28.94885   54  326   32.00000   16.82254  47.4%   442 3127s
 248037 71466   21.50070   54  359   32.00000   16.83731  47.4%   442 3136s
 248988 71612   18.78635   54  399   32.00000   16.85124  47.3%   442 3145s
 249728 71872   23.05042   52  309   32.00000   16.86653  47.3%   442 3155s
 250640 72006   24.95896   57  415   32.00000   16.87968  47.3%   442 3164s
 251407 72275 infeasible   46        32.00000   16.89246  47.2%   442 3173s
 252235 72484   18.08607   46  336   32.00000   16.90754  47.2%   442 3183s
 252987 72733   20.67491   47  318   32.00000   16.92098  47.1%   442 3192s
 253802 72877 infeasible   48        32.00000   16.92881  47.1%   441 3202s
 254659 73073   24.49858   40  280   32.00000   16.94617  47.0%   441 3213s
 255534 73288   22.22852   46  189   32.00000   16.95632  47.0%   441 3223s
 256419 73515   21.99346   46  396   32.00000   16.96901  47.0%   441 3232s
 257219 73617     cutoff   51        32.00000   16.98235  46.9%   441 3242s
 257918 73733   22.75258   49  339   32.00000   16.99729  46.9%   441 3252s
 258576 73933   18.73816   48  374   32.00000   17.01340  46.8%   441 3261s
 259425 74099   27.27702   69  269   32.00000   17.02567  46.8%   441 3272s
 260136 74402   21.11964   46  221   32.00000   17.03760  46.8%   441 3281s
 261081 74508 infeasible   49        32.00000   17.05062  46.7%   441 3291s
 261899 74750   23.93339   57  405   32.00000   17.06117  46.7%   441 3301s
 262777 74868 infeasible   51        32.00000   17.08222  46.6%   440 3310s
 263527 75094 infeasible   45        32.00000   17.09359  46.6%   440 3320s
 264378 75223 infeasible   46        32.00000   17.10576  46.5%   440 3330s
 265082 75405     cutoff   52        32.00000   17.11863  46.5%   440 3340s
 266003 75539 infeasible   48        32.00000   17.13433  46.5%   440 3350s
 266716 75674   22.76885   43  287   32.00000   17.14731  46.4%   440 3359s
 267421 75901   28.24625   52  382   32.00000   17.16568  46.4%   440 3369s
 268260 75958 infeasible   49        32.00000   17.17343  46.3%   440 3379s
 268990 76295     cutoff   54        32.00000   17.19143  46.3%   440 3390s
 270030 76378 infeasible   50        32.00000   17.20771  46.2%   440 3400s
 270767 76574   22.33738   49  336   32.00000   17.22292  46.2%   440 3411s
 271632 76708 infeasible   50        32.00000   17.23796  46.1%   440 3421s
 272452 77017   19.21263   44  160   32.00000   17.25402  46.1%   440 3431s
 273467 77106   20.27769   46  354   32.00000   17.26925  46.0%   439 3441s
 274242 77260   23.55423   49  406   32.00000   17.28481  46.0%   439 3451s
 275105 77475   20.82449   51  247   32.00000   17.29978  45.9%   439 3461s
 275905 77611   22.15840   50  397   32.00000   17.31151  45.9%   439 3471s
 276707 77832   29.45808   44  183   32.00000   17.32477  45.9%   439 3480s
 277592 77982   21.90065   46  403   32.00000   17.33775  45.8%   439 3490s
 278358 78222   21.00406   45  370   32.00000   17.35096  45.8%   438 3500s
 279292 78365   27.80834   51  230   32.00000   17.36153  45.7%   438 3509s
 280003 78588 infeasible   47        32.00000   17.37219  45.7%   438 3519s
 280801 78744 infeasible   46        32.00000   17.38087  45.7%   438 3529s
 281485 78840   22.88287   51  357   32.00000   17.39290  45.6%   438 3538s
 282202 79016 infeasible   42        32.00000   17.41125  45.6%   438 3548s
 283064 79174 infeasible   47        32.00000   17.42323  45.6%   438 3559s
 283872 79468   29.47033   47  335   32.00000   17.43536  45.5%   438 3569s
 284846 79615   19.83530   59  352   32.00000   17.45089  45.5%   438 3579s
 285590 79902   21.56520   57  246   32.00000   17.46011  45.4%   438 3589s
 286482 80067 infeasible   46        32.00000   17.47443  45.4%   438 3599s
 287265 80266   21.27341   42  314   32.00000   17.48497  45.4%   437 3608s
 288033 80508   19.59388   45  391   32.00000   17.49588  45.3%   437 3618s
 288904 80609   29.31104   55  316   32.00000   17.50783  45.3%   437 3627s
 289714 80804 infeasible   47        32.00000   17.52100  45.2%   437 3637s
 290521 80881   21.49219   49  273   32.00000   17.53162  45.2%   437 3646s
 291291 81036   21.20668   48  329   32.00000   17.54597  45.2%   437 3656s
 291784 81247 infeasible   48        32.00000   17.54753  45.2%   437 3666s
 292486 81354   20.95336   44  398   32.00000   17.55239  45.1%   437 3676s
 292951 81416   21.24393   45  348   32.00000   17.55771  45.1%   437 3688s
 293469 81580   21.29106   46  388   32.00000   17.55882  45.1%   437 3699s
 294097 81875   22.13829   47  336   32.00000   17.56612  45.1%   437 3712s
 294934 82033   19.82450   53  234   32.00000   17.58289  45.1%   437 3728s
 295814 82244   25.38165   49  398   32.00000   17.59644  45.0%   436 3746s
 296825 82377   28.45385   50  195   32.00000   17.60957  45.0%   436 3763s
 297660 82614   25.33720   59  349   32.00000   17.62184  44.9%   436 3775s
 298570 82752 infeasible   56        32.00000   17.63590  44.9%   436 3786s
 299330 82967   23.26942   46  231   32.00000   17.64608  44.9%   436 3797s
 300191 83023 infeasible   50        32.00000   17.65983  44.8%   436 3806s
 300905 83134   26.28608   53  283   32.00000   17.67321  44.8%   436 3816s
 301731 83405   22.86408   54  289   32.00000   17.68786  44.7%   436 3826s
 302680 83574   21.41675   47  291   32.00000   17.69755  44.7%   436 3836s
 303457 83709   20.63636   45  422   32.00000   17.70551  44.7%   436 3845s
 304227 83777     cutoff   65        32.00000   17.71519  44.6%   435 3855s
 304964 84013   22.54606   45  379   32.00000   17.72689  44.6%   435 3864s
 305803 84175   20.49531   44  341   32.00000   17.73658  44.6%   435 3874s
 306574 84399   26.11276   54  377   32.00000   17.74361  44.6%   435 3884s
 307440 84483   27.26493   51  396   32.00000   17.75477  44.5%   435 3893s
 308142 84752   19.77194   48  358   32.00000   17.76837  44.5%   435 3903s
 308996 84835 infeasible   48        32.00000   17.77582  44.5%   435 3913s
 309722 85025   22.97400   53  431   32.00000   17.78586  44.4%   435 3923s
 310546 85231     cutoff   45        32.00000   17.79395  44.4%   435 3933s
 311363 85426 infeasible   62        32.00000   17.80579  44.4%   435 3942s
 312258 85554   24.79135   47  190   32.00000   17.81389  44.3%   435 3953s
 313100 85736   19.18083   44  308   32.00000   17.82546  44.3%   435 3963s
 314001 85886 infeasible   43        32.00000   17.83681  44.3%   434 3973s
 314718 86063 infeasible   54        32.00000   17.84856  44.2%   434 3983s
 315482 86158   26.49043   49  311   32.00000   17.85376  44.2%   434 3993s
 316314 86268   20.19596   53  380   32.00000   17.86692  44.2%   434 4003s
 317097 86530   21.53265   46  308   32.00000   17.87871  44.1%   434 4013s
 317951 86615   21.54011   39  371   32.00000   17.88915  44.1%   434 4024s
 318727 86871   22.12561   46  417   32.00000   17.90460  44.0%   434 4033s
 319649 87006   29.43125   65  322   32.00000   17.91677  44.0%   434 4043s
 320433 87244 infeasible   55        32.00000   17.92832  44.0%   434 4053s
 321353 87357 infeasible   53        32.00000   17.93904  43.9%   434 4063s
 322149 87509   24.08743   55  280   32.00000   17.94908  43.9%   434 4073s
 322979 87636   21.80809   46  397   32.00000   17.96278  43.9%   434 4083s
 323813 87787 infeasible   60        32.00000   17.97335  43.8%   434 4092s
 324613 87962   19.87200   49  386   32.00000   17.98221  43.8%   434 4102s
 325476 88082 infeasible   56        32.00000   17.99244  43.8%   433 4112s
 326249 88290   18.99053   46  363   32.00000   18.00422  43.7%   433 4122s
 327200 88484   24.75766   51  224   32.00000   18.01274  43.7%   433 4133s
 328146 88731   22.04806   48  253   32.00000   18.02625  43.7%   433 4141s
 328984 88799 infeasible   44        32.00000   18.03034  43.7%   433 4151s
 329605 89097   29.57810   58  359   32.00000   18.04284  43.6%   433 4160s
 330424 89274 infeasible   53        32.00000   18.05054  43.6%   433 4170s
 331157 89365   24.64894   58  382   32.00000   18.06038  43.6%   433 4180s
 331853 89576   20.49762   47  402   32.00000   18.06830  43.5%   433 4190s
 332749 89782 infeasible   42        32.00000   18.07817  43.5%   433 4199s
 333580 89995 infeasible   54        32.00000   18.09018  43.5%   433 4209s
 334473 90117   23.14262   57  335   32.00000   18.09700  43.4%   432 4219s
 335281 90277   26.29863   47  403   32.00000   18.10898  43.4%   432 4229s
 336182 90397   26.57728   44  210   32.00000   18.11727  43.4%   432 4239s
 336933 90612 infeasible   48        32.00000   18.13097  43.3%   432 4248s
 337880 90789   27.57867   47  177   32.00000   18.13693  43.3%   432 4258s
 338665 90980   29.21950   62  408   32.00000   18.14739  43.3%   432 4267s
 339448 91080   22.07545   51  275   32.00000   18.15906  43.3%   432 4276s
 340280 91297 infeasible   47        32.00000   18.17230  43.2%   432 4286s
 341121 91443 infeasible   48        32.00000   18.18304  43.2%   431 4295s
 341899 91701 infeasible   44        32.00000   18.18999  43.2%   431 4306s
 342816 91777   26.88076   63  144   32.00000   18.19928  43.1%   431 4315s
 343536 91962   21.15927   52  402   32.00000   18.20794  43.1%   431 4325s
 344405 92070   28.73584   52  250   32.00000   18.21463  43.1%   431 4334s
 345173 92328   28.91409   57  368   32.00000   18.22550  43.0%   431 4343s
 346054 92418   19.62816   43  380   32.00000   18.23795  43.0%   431 4352s
 346841 92518   24.47120   45  334   32.00000   18.24588  43.0%   431 4362s
 347497 92730   21.01261   45  361   32.00000   18.24905  43.0%   431 4372s
 348301 92790   22.21006   58  397   32.00000   18.25297  43.0%   431 4382s
 349105 92998   23.71727   47  332   32.00000   18.27932  42.9%   430 4391s
 349997 93253 infeasible   51        32.00000   18.28441  42.9%   430 4401s
 350875 93462     cutoff   55        32.00000   18.29258  42.8%   430 4411s
 351766 93537 infeasible   49        32.00000   18.30219  42.8%   430 4421s
 352493 93706     cutoff   52        32.00000   18.31155  42.8%   430 4430s
 353363 93767 infeasible   52        32.00000   18.32199  42.7%   430 4440s
 354108 93833   24.60200   50  417   32.00000   18.33135  42.7%   430 4450s
 354832 94047   29.17751   58  311   32.00000   18.34367  42.7%   430 4459s
 355664 94148 infeasible   44        32.00000   18.35240  42.6%   430 4469s
 356496 94312   19.41046   51  315   32.00000   18.36444  42.6%   430 4479s
 357350 94436 infeasible   50        32.00000   18.37444  42.6%   430 4489s
 358135 94650 infeasible   50        32.00000   18.38267  42.6%   430 4499s
 359088 94745     cutoff   50        32.00000   18.39212  42.5%   429 4509s
 359826 94851   25.91436   57  356   32.00000   18.40082  42.5%   429 4519s
 360226 94970 infeasible   53        32.00000   18.40155  42.5%   429 4529s
 360817 95079 infeasible   47        32.00000   18.40240  42.5%   429 4540s
 361375 95275   20.07770   46  355   32.00000   18.40803  42.5%   429 4551s
 362224 95372   20.27739   52  386   32.00000   18.42428  42.4%   429 4562s
 363123 95595   24.73764   45  268   32.00000   18.44365  42.4%   429 4573s
 364119 95678   20.05229   46  372   32.00000   18.45178  42.3%   429 4585s
 364734 95785     cutoff   47        32.00000   18.45202  42.3%   429 4596s
 365467 96046 infeasible   48        32.00000   18.46978  42.3%   429 4607s
 366515 96051 infeasible   51        32.00000   18.48615  42.2%   429 4618s
 367355 96310   26.24903   51  293   32.00000   18.50227  42.2%   429 4629s
 368330 96425   24.98873   57  433   32.00000   18.51236  42.1%   429 4639s
 369208 96668   21.51008   50  412   32.00000   18.52067  42.1%   428 4649s
 370130 96760 infeasible   54        32.00000   18.53278  42.1%   428 4661s
 370956 96929 infeasible   49        32.00000   18.54610  42.0%   428 4672s
 371943 97073   27.96462   54  271   32.00000   18.55865  42.0%   428 4681s
 372622 97287     cutoff   60        32.00000   18.56607  42.0%   428 4690s
 373487 97357   29.66708   55  406   32.00000   18.57326  42.0%   428 4699s
 374306 97539   23.01325   59  317   32.00000   18.58354  41.9%   428 4708s
 375154 97674   19.58065   51  412   32.00000   18.59431  41.9%   428 4717s
 375874 97893   23.92919   50  363   32.00000   18.59939  41.9%   428 4726s
 376723 98011   26.94722   50  272   32.00000   18.61046  41.8%   427 4735s
 377478 98169 infeasible   50        32.00000   18.61947  41.8%   427 4744s
 378264 98365   22.26890   43  408   32.00000   18.62739  41.8%   427 4754s
 379062 98503   25.51479   52  368   32.00000   18.63430  41.8%   427 4763s
 379785 98713 infeasible   47        32.00000   18.64299  41.7%   427 4772s
 380612 98859   26.82962   49  331   32.00000   18.65107  41.7%   427 4781s
 381419 99082   27.31924   50  384   32.00000   18.66418  41.7%   427 4791s
 382262 99180   26.70529   49  357   32.00000   18.67153  41.7%   427 4800s
 382915 99379 infeasible   43        32.00000   18.68344  41.6%   427 4809s
 383739 99512   21.23395   51  361   32.00000   18.68969  41.6%   427 4818s
 384543 99632   28.02597   53  130   32.00000   18.69766  41.6%   427 4828s
 385299 99771   21.82336   48  319   32.00000   18.70838  41.5%   427 4837s
 386137 100007   19.55315   46  314   32.00000   18.71897  41.5%   426 4847s
 387131 100031 infeasible   49        32.00000   18.73034  41.5%   426 4856s
 387771 100126   21.71097   52  348   32.00000   18.74350  41.4%   426 4865s
 388506 100319   26.68129   52  345   32.00000   18.74856  41.4%   426 4874s
 389406 100421 infeasible   50        32.00000   18.76076  41.4%   426 4884s
 390222 100491   20.98401   53  337   32.00000   18.77072  41.3%   426 4893s
 390921 100735   21.40783   51  324   32.00000   18.77996  41.3%   426 4903s
 391868 100978     cutoff   60        32.00000   18.79117  41.3%   426 4913s
 392842 101088   22.19614   52  388   32.00000   18.79915  41.3%   426 4922s
 393634 101200   20.22617   47  381   32.00000   18.81053  41.2%   426 4932s
 394146 101346   28.63887   53  322   32.00000   18.81122  41.2%   426 4941s
 394876 101423   21.96492   57  348   32.00000   18.81980  41.2%   425 4951s
 395629 101611   29.69874   57  397   32.00000   18.83482  41.1%   425 4960s
 396492 101727   21.49716   47  329   32.00000   18.84534  41.1%   425 4969s
 397271 101861   23.71617   55  320   32.00000   18.85219  41.1%   425 4979s
 398124 101962   28.97655   61  252   32.00000   18.86438  41.0%   425 4988s
 398877 102137   20.46165   45  420   32.00000   18.87603  41.0%   425 4997s
 399771 102180 infeasible   51        32.00000   18.88551  41.0%   425 5006s
 400471 102403   26.01098   52  135   32.00000   18.89066  41.0%   425 5016s
 401414 102540   28.84150   59  374   32.00000   18.90386  40.9%   425 5026s
 402232 102745   24.41015   38  228   32.00000   18.91534  40.9%   425 5037s
 403170 102841   28.44509   61  341   32.00000   18.92504  40.9%   425 5046s
 403908 102872 infeasible   44        32.00000   18.93645  40.8%   425 5056s
 404607 103034   23.66666   53  359   32.00000   18.94258  40.8%   425 5065s
 405562 103082 infeasible   40        32.00000   18.95279  40.8%   425 5075s
 406354 103180 infeasible   58        32.00000   18.96564  40.7%   424 5084s
 407121 103334     cutoff   51        32.00000   18.97613  40.7%   424 5094s
 408052 103435   21.82261   54  326   32.00000   18.98469  40.7%   424 5104s
 408921 103617     cutoff   53        32.00000   18.99535  40.6%   424 5113s
 409819 103656 infeasible   52        32.00000   19.00443  40.6%   424 5123s
 410536 103741 infeasible   36        32.00000   19.01989  40.6%   424 5132s
 411369 103891   26.82657   44  169   32.00000   19.03440  40.5%   424 5142s
 412264 103996 infeasible   45        32.00000   19.04266  40.5%   424 5152s
 413112 104100   22.36838   46  292   32.00000   19.05161  40.5%   424 5161s
 414001 104151   21.58009   51  386   32.00000   19.06168  40.4%   424 5171s
 414820 104319   21.04108   55  382   32.00000   19.07621  40.4%   424 5180s
 415604 104440 infeasible   48        32.00000   19.08393  40.4%   423 5189s
 416404 104591   20.42337   43  363   32.00000   19.09255  40.3%   423 5199s
 417355 104747     cutoff   53        32.00000   19.09891  40.3%   423 5208s
 418106 104902   22.13780   53  310   32.00000   19.10704  40.3%   423 5217s
 418995 104969   22.49171   44  369   32.00000   19.11508  40.3%   423 5226s
 419734 105112 infeasible   57        32.00000   19.12690  40.2%   423 5235s
 420475 105192 infeasible   46        32.00000   19.13516  40.2%   423 5244s
 421162 105251 infeasible   42        32.00000   19.14700  40.2%   423 5253s
 421916 105450 infeasible   43        32.00000   19.15510  40.1%   423 5263s
 422785 105498   24.97284   46  242   32.00000   19.16563  40.1%   423 5272s
 423534 105662   23.07068   54  167   32.00000   19.17391  40.1%   423 5281s
 424387 105815   20.98410   45  379   32.00000   19.18060  40.1%   423 5290s
 425233 105893   24.42480   48  321   32.00000   19.18998  40.0%   423 5300s
 425700 106072   25.35905   49  318   32.00000   19.18998  40.0%   423 5309s
 426374 106111   25.52882   50  295   32.00000   19.19391  40.0%   422 5320s
 426819 106112   24.63976   54  320   32.00000   19.19795  40.0%   422 5330s
 427272 106287   23.79871   58  341   32.00000   19.20071  40.0%   422 5340s
 427953 106399 infeasible   47        32.00000   19.21041  40.0%   422 5350s
 428819 106607   22.47444   49  408   32.00000   19.23380  39.9%   422 5361s
 429741 106697 infeasible   49        32.00000   19.24315  39.9%   422 5371s
 430564 106840   27.59682   52  322   32.00000   19.25278  39.8%   422 5382s
 431453 107017   27.22981   47  281   32.00000   19.26088  39.8%   422 5392s
 432392 107065 infeasible   45        32.00000   19.27275  39.8%   422 5401s
 433140 107263   29.51529   60  226   32.00000   19.28584  39.7%   422 5411s
 433971 107358 infeasible   62        32.00000   19.29009  39.7%   422 5420s
 434904 107553 infeasible   62        32.00000   19.30000  39.7%   422 5429s
 435705 107598   24.35241   68  411   32.00000   19.30914  39.7%   422 5438s
 436380 107673 infeasible   51        32.00000   19.31731  39.6%   422 5447s
 437144 107860   26.25903   64  413   32.00000   19.32686  39.6%   421 5456s
 438030 107893 infeasible   60        32.00000   19.33862  39.6%   421 5465s
 438735 108088   22.91752   45  352   32.00000   19.34992  39.5%   421 5475s
 439594 108229 infeasible   49        32.00000   19.35533  39.5%   421 5484s
 440316 108431   22.94517   53  234   32.00000   19.36326  39.5%   421 5493s
 441216 108538   29.30083   44  238   32.00000   19.36913  39.5%   421 5503s
 442086 108720   22.03389   47  344   32.00000   19.37883  39.4%   421 5512s
 442892 108833     cutoff   56        32.00000   19.38392  39.4%   421 5521s
 443736 108828   29.61925   50  371   32.00000   19.39212  39.4%   421 5530s
 444465 109024   23.33382   55  394   32.00000   19.40161  39.4%   421 5539s
 445299 109106   28.66636   54  373   32.00000   19.41168  39.3%   421 5548s
 446035 109259     cutoff   51        32.00000   19.41810  39.3%   421 5558s
 446949 109352   25.14008   51  196   32.00000   19.42586  39.3%   421 5568s
 447745 109527   22.67087   51  397   32.00000   19.43411  39.3%   420 5577s
 448646 109623     cutoff   56        32.00000   19.44149  39.2%   420 5586s
 449314 109666     cutoff   49        32.00000   19.45323  39.2%   420 5596s
 450069 109751   29.33693   51  272   32.00000   19.46032  39.2%   420 5605s
 450550 109793     cutoff   50        32.00000   19.46190  39.2%   420 5616s
 451021 109907   21.73565   44  300   32.00000   19.46514  39.2%   420 5626s
 451878 109981     cutoff   52        32.00000   19.47884  39.1%   420 5637s
 452784 110006   20.77046   50  430   32.00000   19.49075  39.1%   420 5647s
 453637 110191   22.86955   51  314   32.00000   19.49871  39.1%   420 5657s
 454571 110364 infeasible   44        32.00000   19.50990  39.0%   420 5667s
 455469 110538 infeasible   46        32.00000   19.51778  39.0%   420 5677s
 456318 110601   19.64610   42  423   32.00000   19.52695  39.0%   420 5687s
 457063 110789   21.53901   55  357   32.00000   19.53516  39.0%   420 5697s
 458022 110931     cutoff   56        32.00000   19.54053  38.9%   420 5707s
 458927 111078     cutoff   47        32.00000   19.55259  38.9%   419 5716s
 459683 111185 infeasible   48        32.00000   19.56029  38.9%   419 5726s
 460559 111267   21.18421   57  388   32.00000   19.56770  38.9%   419 5737s
 461431 111407   19.86989   46  451   32.00000   19.57787  38.8%   419 5746s
 462339 111449     cutoff   61        32.00000   19.58629  38.8%   419 5755s
 463058 111657   23.51110   46  311   32.00000   19.59537  38.8%   419 5764s
 463969 111716     cutoff   56        32.00000   19.60531  38.7%   419 5773s
 464662 111709 infeasible   47        32.00000   19.61340  38.7%   419 5782s
 465351 111941   26.57748   51  304   32.00000   19.62214  38.7%   419 5792s
 466213 111988   24.92239   60  363   32.00000   19.63141  38.7%   419 5801s
 467047 112189   24.15342   49  389   32.00000   19.64119  38.6%   419 5810s
 468020 112257 infeasible   45        32.00000   19.64693  38.6%   419 5819s
 468762 112382   23.19900   61  430   32.00000   19.65674  38.6%   419 5828s
 469638 112454   21.95041   47  279   32.00000   19.66481  38.5%   419 5838s
 470526 112523   22.12437   51  321   32.00000   19.67320  38.5%   418 5847s
 471287 112670   23.39747   56  449   32.00000   19.68070  38.5%   418 5856s
 472141 112734   23.29893   58  238   32.00000   19.68809  38.5%   418 5865s
 472893 112923 infeasible   53        32.00000   19.69851  38.4%   418 5874s
 473713 112959 infeasible   47        32.00000   19.70245  38.4%   418 5884s
 474414 113135   28.36717   57  337   32.00000   19.71344  38.4%   418 5893s
 475300 113165   23.84036   49  364   32.00000   19.71882  38.4%   418 5903s
 476120 113350   26.87386   48  247   32.00000   19.72816  38.3%   418 5914s
 477092 113424 infeasible   55        32.00000   19.73522  38.3%   418 5924s
 477555 113473   26.74258   56  267   32.00000   19.73699  38.3%   418 5935s
 478260 113604 infeasible   50        32.00000   19.74113  38.3%   418 5946s
 479113 113778   28.94371   53  288   32.00000   19.75350  38.3%   418 5956s
 480041 113937   23.97890   56  194   32.00000   19.76522  38.2%   418 5966s
 481032 113975     cutoff   46        32.00000   19.77617  38.2%   418 5976s
 481965 114131   21.99779   48  391   32.00000   19.78620  38.2%   417 5986s
 482958 114229   22.68570   43  283   32.00000   19.79496  38.1%   417 5995s
 483819 114283   22.84222   50  402   32.00000   19.80451  38.1%   417 6005s
 484649 114456   24.20007   40  411   32.00000   19.81368  38.1%   417 6014s
 485504 114477     cutoff   62        32.00000   19.81999  38.1%   417 6023s
 486272 114633 infeasible   47        32.00000   19.83226  38.0%   417 6033s
 487148 114727   22.03479   42  380   32.00000   19.84140  38.0%   417 6042s
 487963 114945   24.75511   69  408   32.00000   19.85004  38.0%   417 6052s
 488811 115023   29.90185   64  286   32.00000   19.85548  38.0%   417 6061s
 489635 115116 infeasible   62        32.00000   19.86293  37.9%   417 6070s
 490422 115219 infeasible   48        32.00000   19.87230  37.9%   417 6081s
 491262 115366   27.56822   57  179   32.00000   19.87794  37.9%   417 6091s
 492190 115462   27.30395   48  315   32.00000   19.88441  37.9%   416 6101s
 492952 115558   22.59351   48  303   32.00000   19.89385  37.8%   416 6110s
 493743 115717     cutoff   58        32.00000   19.90143  37.8%   416 6120s
 494669 115716   22.47080   58  436   32.00000   19.91028  37.8%   416 6130s
 494794 115738   22.57085   59  425   32.00000   19.91051  37.8%   416 6139s
 495068 115820   24.33136   60  432   32.00000   19.91051  37.8%   416 6150s
 495581 115908   26.33266   59  398   32.00000   19.91210  37.8%   416 6161s
 496218 116112 infeasible   52        32.00000   19.91324  37.8%   416 6172s
 497187 116228   28.09162   51  224   32.00000   19.92887  37.7%   416 6182s
 498121 116404     cutoff   54        32.00000   19.94083  37.7%   416 6192s
 499125 116410   27.63386   50  385   32.00000   19.95015  37.7%   416 6203s
 499962 116489   29.84900   51  358   32.00000   19.95874  37.6%   416 6213s
 500844 116632   22.68854   49  326   32.00000   19.97029  37.6%   416 6223s
 501758 116654     cutoff   52        32.00000   19.97763  37.6%   416 6234s
 502589 116762   28.71226   56  364   32.00000   19.98716  37.5%   416 6244s
 503522 116834 infeasible   48        32.00000   19.99505  37.5%   416 6253s
 504391 117078 infeasible   50        32.00000   20.00357  37.5%   415 6263s
 505357 117232 infeasible   54        32.00000   20.01037  37.5%   415 6273s
 506375 117341     cutoff   62        32.00000   20.01807  37.4%   415 6281s
 507217 117471   24.38524   48  374   32.00000   20.02930  37.4%   415 6289s
 508022 117563     cutoff   61        32.00000   20.03440  37.4%   415 6297s
 508761 117546     cutoff   51        32.00000   20.04109  37.4%   415 6306s
 509222 117704   29.08547   48  403   32.00000   20.04222  37.4%   415 6315s
 509968 117705     cutoff   49        32.00000   20.04461  37.4%   415 6324s
 510654 117766   29.76310   49  349   32.00000   20.04923  37.3%   415 6333s
 511362 117909     cutoff   50        32.00000   20.05598  37.3%   415 6343s
 512150 117996   22.88823   47  411   32.00000   20.06467  37.3%   415 6353s
 512836 118149   23.19375   48  366   32.00000   20.06467  37.3%   414 6362s
 513660 118220   25.85565   54   85   32.00000   20.08366  37.2%   414 6371s
 514485 118414   23.18284   46  316   32.00000   20.09066  37.2%   414 6381s
 515320 118356   29.29015   49  299   32.00000   20.09881  37.2%   414 6390s
 516035 118609   24.37530   48  379   32.00000   20.10949  37.2%   414 6400s
 516987 118695   23.21971   54  331   32.00000   20.11625  37.1%   414 6409s
 517768 118758   25.68199   46  382   32.00000   20.12313  37.1%   414 6418s
 518549 118969   26.67283   57  351   32.00000   20.13191  37.1%   414 6428s
 519439 119040   23.30691   54  374   32.00000   20.13888  37.1%   414 6437s
 520269 119178 infeasible   49        32.00000   20.14712  37.0%   414 6447s
 521188 119230   21.88256   49  386   32.00000   20.15477  37.0%   414 6457s
 521972 119330 infeasible   57        32.00000   20.16176  37.0%   414 6466s
 522759 119382   27.01954   44  238   32.00000   20.17024  37.0%   414 6475s
 523519 119479   22.86419   48  402   32.00000   20.17725  36.9%   414 6484s
 524403 119522 infeasible   46        32.00000   20.18532  36.9%   414 6494s
 525131 119595 infeasible   52        32.00000   20.19127  36.9%   414 6503s
 525918 119769   22.31237   52  250   32.00000   20.19760  36.9%   414 6512s
 526872 119777   22.34710   54  485   32.00000   20.20751  36.9%   413 6522s
 527633 119937 infeasible   44        32.00000   20.21330  36.8%   413 6531s
 528454 120010     cutoff   57        32.00000   20.22167  36.8%   413 6540s
 529250 120100   29.04452   40  175   32.00000   20.22817  36.8%   413 6549s
 530063 120210   25.86975   47  269   32.00000   20.23480  36.8%   413 6559s
 530836 120292   27.05890   53  351   32.00000   20.24267  36.7%   413 6568s
 531682 120440   22.97129   42  295   32.00000   20.25015  36.7%   413 6578s
 532571 120535   21.57554   50  320   32.00000   20.25836  36.7%   413 6587s
 533422 120677   21.28462   54  387   32.00000   20.26587  36.7%   413 6597s
 534246 120726     cutoff   49        32.00000   20.27258  36.6%   413 6606s
 535113 120925 infeasible   47        32.00000   20.28028  36.6%   413 6616s
 536150 120993   24.62946   53  340   32.00000   20.28473  36.6%   413 6624s
 536858 121000 infeasible   47        32.00000   20.29042  36.6%   413 6633s
 537515 121122   21.99965   48  264   32.00000   20.29746  36.6%   413 6642s
 538411 121251   25.69362   45  151   32.00000   20.30337  36.6%   413 6650s
 539216 121404   22.07140   43  416   32.00000   20.31142  36.5%   413 6659s
 540067 121449 infeasible   52        32.00000   20.31574  36.5%   412 6668s
 540721 121560     cutoff   52        32.00000   20.32334  36.5%   412 6677s
 541551 121602 infeasible   55        32.00000   20.32893  36.5%   412 6685s
 542283 121660   24.74241   47  260   32.00000   20.33770  36.4%   412 6695s
 543096 121823   22.13975   47  380   32.00000   20.34245  36.4%   412 6704s
 543965 121911   25.69158   56  282   32.00000   20.34903  36.4%   412 6713s
 544801 122089   21.59288   49  386   32.00000   20.35767  36.4%   412 6722s
 545735 122138   23.85741   45  352   32.00000   20.36295  36.4%   412 6730s
 546411 122209     cutoff   54        32.00000   20.37115  36.3%   412 6739s
 547143 122305   27.04332   53  374   32.00000   20.37813  36.3%   412 6747s
 548046 122328   25.53708   56  328   32.00000   20.38661  36.3%   412 6756s
 548722 122474   28.43765   57  318   32.00000   20.39353  36.3%   412 6765s
 549586 122436   27.64698   48  234   32.00000   20.39829  36.3%   412 6775s
 550441 122597   28.11295   52  108   32.00000   20.40689  36.2%   412 6785s
 551399 122659 infeasible   53        32.00000   20.41275  36.2%   412 6793s
 552151 122668   25.04468   51  391   32.00000   20.41917  36.2%   412 6802s
 552899 122777   21.85993   52  396   32.00000   20.42780  36.2%   412 6811s
 553690 122749   29.99361   59  230   32.00000   20.43304  36.1%   411 6821s
 554333 122929   22.81570   45  202   32.00000   20.43507  36.1%   411 6831s
 555213 123021     cutoff   51        32.00000   20.44579  36.1%   411 6841s
 556065 123183   26.68586   56  432   32.00000   20.45030  36.1%   411 6850s
 556997 123291     cutoff   60        32.00000   20.45677  36.1%   411 6859s
 557902 123408 infeasible   51        32.00000   20.46372  36.1%   411 6868s
 558779 123517   25.37169   58  389   32.00000   20.47074  36.0%   411 6877s
 559553 123606 infeasible   47        32.00000   20.47637  36.0%   411 6886s
 560349 123667 infeasible   45        32.00000   20.48257  36.0%   411 6896s
 561149 123675   27.29562   39   74   32.00000   20.49172  36.0%   411 6905s
 561899 123807   28.91977   48  309   32.00000   20.49923  35.9%   411 6914s
 562682 123918     cutoff   54        32.00000   20.50415  35.9%   411 6923s
 563477 124066   20.64919   50  399   32.00000   20.51114  35.9%   411 6932s
 564409 124090   23.65120   63  300   32.00000   20.51943  35.9%   411 6943s
 564996 124128     cutoff   56        32.00000   20.52036  35.9%   411 6957s
 565977 124269   29.51204   56  240   32.00000   20.52106  35.9%   411 6969s
 566960 124315     cutoff   54        32.00000   20.52687  35.9%   410 6980s
 567842 124441     cutoff   66        32.00000   20.54739  35.8%   410 6991s
 568924 124519   26.75731   65  376   32.00000   20.55876  35.8%   410 7002s
 569764 124580 infeasible   49        32.00000   20.56660  35.7%   410 7013s
 570638 124756   27.84335   48  300   32.00000   20.57414  35.7%   410 7024s
 571661 124797   28.34934   61  355   32.00000   20.58337  35.7%   410 7034s
 572593 124896   28.28452   51  188   32.00000   20.59313  35.6%   410 7043s
 573478 124985 infeasible   47        32.00000   20.59848  35.6%   410 7054s
 574351 125130 infeasible   56        32.00000   20.60765  35.6%   410 7063s
 575244 125183 infeasible   53        32.00000   20.61372  35.6%   410 7073s
 575973 125365   26.64176   68  317   32.00000   20.62035  35.6%   410 7083s
 576914 125420     cutoff   55        32.00000   20.62689  35.5%   410 7092s
 577739 125452   21.58045   44  393   32.00000   20.63540  35.5%   410 7102s
 578542 125628   28.83645   47  366   32.00000   20.64356  35.5%   410 7111s
 579471 125641 infeasible   50        32.00000   20.65111  35.5%   410 7122s
 580379 125730 infeasible   46        32.00000   20.65888  35.4%   410 7131s
 581275 125740   24.47002   50  402   32.00000   20.66666  35.4%   409 7140s
 581909 125929 infeasible   50        32.00000   20.67267  35.4%   409 7149s
 582827 125936 infeasible   48        32.00000   20.68069  35.4%   409 7159s
 583626 126120   21.55567   50  394   32.00000   20.68792  35.4%   409 7167s
 584433 126171   24.59356   56  312   32.00000   20.69309  35.3%   409 7176s
 585193 126223 infeasible   54        32.00000   20.70032  35.3%   409 7185s
 585979 126318   27.44806   54  335   32.00000   20.70537  35.3%   409 7194s
 586819 126336     cutoff   45        32.00000   20.71330  35.3%   409 7203s
 587590 126444 infeasible   50        32.00000   20.72133  35.2%   409 7212s
 588393 126469   27.55484   51  329   32.00000   20.72627  35.2%   409 7221s
 589208 126524     cutoff   45        32.00000   20.73685  35.2%   409 7231s
 590055 126657   22.62333   48  408   32.00000   20.74402  35.2%   409 7240s
 590975 126700   24.20119   54  352   32.00000   20.75106  35.2%   409 7249s
 591779 126787   29.90832   53  316   32.00000   20.75940  35.1%   409 7258s
 592717 126926   24.02543   48  279   32.00000   20.76467  35.1%   409 7267s
 593429 127026   26.29942   57  226   32.00000   20.77307  35.1%   409 7276s
 594315 127073   27.65155   54  299   32.00000   20.77868  35.1%   408 7287s
 594679 127273   24.30349   53  295   32.00000   20.77994  35.1%   408 7310s
 596072 127264 infeasible   53        32.00000   20.78130  35.1%   408 7324s
 597242 127289   28.12506   48  186   32.00000   20.80769  35.0%   408 7337s
 598288 127447   27.12914   48  252   32.00000   20.81921  34.9%   408 7348s
 599384 127537   22.79376   41  260   32.00000   20.82969  34.9%   408 7359s
 600390 127738 infeasible   52        32.00000   20.83774  34.9%   408 7370s
 601535 127712 infeasible   64        32.00000   20.84539  34.9%   408 7380s
 602266 127930   27.87698   59  343   32.00000   20.85235  34.8%   408 7390s
 603211 127900   25.78680   70  349   32.00000   20.86089  34.8%   408 7400s
 604085 127915 infeasible   52        32.00000   20.87137  34.8%   408 7410s
 604869 128027   25.80694   56  303   32.00000   20.87774  34.8%   408 7420s
 605795 128026     cutoff   54        32.00000   20.88608  34.7%   408 7429s
 606652 128136   21.17856   53  376   32.00000   20.89595  34.7%   408 7439s
 607526 128163   24.89988   54  343   32.00000   20.90345  34.7%   408 7449s
 608397 128319 infeasible   46        32.00000   20.91332  34.6%   407 7458s
 609322 128368   25.18468   56  347   32.00000   20.92232  34.6%   407 7468s
 610239 128453   26.21595   48  305   32.00000   20.93100  34.6%   407 7477s
 611006 128489   26.38954   52  313   32.00000   20.93812  34.6%   407 7487s
 611818 128551   28.16098   49  304   32.00000   20.94563  34.5%   407 7496s
 612633 128601     cutoff   43        32.00000   20.95252  34.5%   407 7506s
 613406 128752 infeasible   51        32.00000   20.96179  34.5%   407 7515s
 614342 128775     cutoff   56        32.00000   20.96792  34.5%   407 7524s
 615119 128794   25.10800   54  362   32.00000   20.97823  34.4%   407 7534s
 615855 128898   27.76861   47  332   32.00000   20.98873  34.4%   407 7543s
 616648 128988   28.72486   62  348   32.00000   20.99283  34.4%   407 7553s
 617495 129116 infeasible   54        32.00000   21.00226  34.4%   407 7562s
 618412 129131 infeasible   50        32.00000   21.01083  34.3%   407 7571s
 619213 129286     cutoff   57        32.00000   21.01940  34.3%   407 7580s
 620133 129349     cutoff   57        32.00000   21.02796  34.3%   407 7589s
 620873 129478   26.03070   44  206   32.00000   21.03432  34.3%   407 7598s
 621739 129549   23.74661   51  361   32.00000   21.04091  34.2%   406 7608s
 622584 129721   23.34509   50  355   32.00000   21.04668  34.2%   406 7617s
 623448 129778 infeasible   49        32.00000   21.05335  34.2%   406 7626s
 624220 129836   23.72228   65  377   32.00000   21.06151  34.2%   406 7636s
 625147 129853   23.15756   49  373   32.00000   21.07052  34.2%   406 7645s
 625992 129861   24.48437   55  391   32.00000   21.07886  34.1%   406 7654s
 626734 129929   27.57127   48  181   32.00000   21.08782  34.1%   406 7662s
 627579 129950   24.93136   57  389   32.00000   21.09547  34.1%   406 7672s
 628299 130055 infeasible   54        32.00000   21.10278  34.1%   406 7681s
 629181 130052   28.60127   57  317   32.00000   21.11054  34.0%   406 7689s
 629955 130139     cutoff   48        32.00000   21.12074  34.0%   406 7698s
 630804 130218     cutoff   53        32.00000   21.12757  34.0%   406 7707s
 631643 130310   23.70526   50  346   32.00000   21.13616  33.9%   406 7716s
 632390 130336 infeasible   45        32.00000   21.14110  33.9%   406 7725s
 633215 130453 infeasible   52        32.00000   21.14862  33.9%   406 7734s
 634028 130477   23.84487   51  393   32.00000   21.15824  33.9%   406 7743s
 634748 130520     cutoff   55        32.00000   21.16262  33.9%   406 7753s
 635379 130548 infeasible   47        32.00000   21.16499  33.9%   405 7762s
 636100 130695     cutoff   52        32.00000   21.17065  33.8%   405 7772s
 636972 130754 infeasible   40        32.00000   21.18208  33.8%   405 7781s
 637824 130823 infeasible   68        32.00000   21.18902  33.8%   405 7790s
 638684 130978     cutoff   56        32.00000   21.19538  33.8%   405 7801s
 639594 130992     cutoff   57        32.00000   21.20071  33.7%   405 7810s
 640293 131123   24.29722   53  384   32.00000   21.20719  33.7%   405 7819s
 641247 131199     cutoff   55        32.00000   21.21403  33.7%   405 7828s
 642013 131272     cutoff   44        32.00000   21.22117  33.7%   405 7838s
 642776 131386   28.85148   53  278   32.00000   21.22702  33.7%   405 7847s
 643650 131387 infeasible   46        32.00000   21.23441  33.6%   405 7856s
 644486 131554     cutoff   52        32.00000   21.24278  33.6%   405 7865s
 645460 131608   24.25561   52  408   32.00000   21.24926  33.6%   405 7874s
 646267 131799     cutoff   53        32.00000   21.25155  33.6%   405 7883s
 647108 131851     cutoff   72        32.00000   21.25916  33.6%   405 7892s
 647840 131897     cutoff   57        32.00000   21.26714  33.5%   405 7901s
 648719 132007   22.02453   45  403   32.00000   21.27165  33.5%   404 7909s
 649557 131982   26.11481   53  292   32.00000   21.28105  33.5%   404 7918s
 650321 132121   24.03115   53  338   32.00000   21.28951  33.5%   404 7927s
 651180 132125     cutoff   49        32.00000   21.29514  33.5%   404 7936s
 651962 132252   27.29855   51  342   32.00000   21.30162  33.4%   404 7944s
 652826 132243 infeasible   73        32.00000   21.30891  33.4%   404 7953s
 653560 132332   23.59192   44  411   32.00000   21.31705  33.4%   404 7963s
 654563 132334 infeasible   43        32.00000   21.32286  33.4%   404 7971s
 655268 132342     cutoff   58        32.00000   21.32903  33.3%   404 7981s
 655995 132474   29.93650   58  343   32.00000   21.33694  33.3%   404 7990s
 656788 132560 infeasible   52        32.00000   21.34416  33.3%   404 7999s
 657551 132722 infeasible   47        32.00000   21.35092  33.3%   404 8008s
 658485 132804   27.66829   65  297   32.00000   21.35752  33.3%   404 8017s
 659352 132918 infeasible   45        32.00000   21.36266  33.2%   404 8026s
 660172 132914 infeasible   52        32.00000   21.36895  33.2%   404 8035s
 660874 133067   27.47521   50  189   32.00000   21.37517  33.2%   404 8043s
 661697 133155     cutoff   51        32.00000   21.38025  33.2%   404 8052s
 662576 133192   29.74092   51  183   32.00000   21.38608  33.2%   403 8061s
 663387 133272 infeasible   53        32.00000   21.39414  33.1%   403 8070s
 664090 133266     cutoff   63        32.00000   21.39521  33.1%   403 8079s
 664712 133356     cutoff   53        32.00000   21.39709  33.1%   403 8088s
 665474 133368   24.62313   56  394   32.00000   21.40142  33.1%   403 8098s
 666173 133489   24.64120   52  401   32.00000   21.41113  33.1%   403 8107s
 667019 133519   27.91770   60  361   32.00000   21.42033  33.1%   403 8116s
 667807 133743   25.85887   57  333   32.00000   21.42517  33.0%   403 8125s
 668788 133698     cutoff   55        32.00000   21.43141  33.0%   403 8135s
 669616 133682   25.12225   54  317   32.00000   21.43939  33.0%   403 8144s
 670394 133658   29.30714   54  330   32.00000   21.44633  33.0%   403 8154s
 671272 133705 infeasible   51        32.00000   21.45389  33.0%   403 8164s
 672050 133858   28.44818   41  274   32.00000   21.46297  32.9%   403 8174s
 673024 133897 infeasible   55        32.00000   21.46869  32.9%   403 8183s
 673807 134007   23.42797   49  357   32.00000   21.47634  32.9%   403 8193s
 674694 134118   27.13358   48  279   32.00000   21.48134  32.9%   403 8202s
 675564 134207   28.34777   51  190   32.00000   21.48895  32.8%   403 8212s
 676397 134264   24.01168   49  391   32.00000   21.49286  32.8%   403 8221s
 677199 134357 infeasible   48        32.00000   21.50036  32.8%   403 8231s
 678047 134479   27.17603   50  388   32.00000   21.50619  32.8%   403 8240s
 678981 134536 infeasible   51        32.00000   21.51181  32.8%   402 8249s
 679805 134766   26.17547   49  187   32.00000   21.51780  32.8%   402 8259s
 680825 134803     cutoff   48        32.00000   21.52376  32.7%   402 8268s
 681638 134995   27.02237   52  339   32.00000   21.53166  32.7%   402 8277s
 682589 135028 infeasible   60        32.00000   21.53617  32.7%   402 8286s
 683411 135169   24.26589   48  289   32.00000   21.54328  32.7%   402 8296s
 684389 135238 infeasible   69        32.00000   21.54988  32.7%   402 8304s
 685170 135302   25.60428   46  305   32.00000   21.55584  32.6%   402 8313s
 685994 135427   27.00154   61  327   32.00000   21.56206  32.6%   402 8321s
 686800 135430     cutoff   50        32.00000   21.56917  32.6%   402 8330s
 687573 135495 infeasible   53        32.00000   21.57410  32.6%   402 8338s
 688406 135529 infeasible   46        32.00000   21.57992  32.6%   402 8347s
 689185 135632     cutoff   55        32.00000   21.58464  32.5%   402 8355s
 689993 135631     cutoff   58        32.00000   21.59034  32.5%   401 8364s
 690681 135586   24.15988   50  323   32.00000   21.59721  32.5%   401 8373s
 690868 135558   26.27043   51  107   32.00000   21.59757  32.5%   401 8383s
 691364 135341   26.83288   52  104   32.00000   21.59961  32.5%   401 8392s
 692029 135266 infeasible   57        32.00000   21.61852  32.4%   402 8401s
 692806 135053     cutoff   61        32.00000   21.62724  32.4%   402 8411s
 693518 134760   29.46843   60  355   32.00000   21.64170  32.4%   402 8420s
 694194 134695 infeasible   59        32.00000   21.65289  32.3%   402 8430s
 694920 134457     cutoff   45        32.00000   21.66655  32.3%   402 8440s
 695605 134218 infeasible   48        32.00000   21.67864  32.3%   402 8450s
 696275 134183 infeasible   50        32.00000   21.69235  32.2%   402 8460s
 697080 133861 infeasible   55        32.00000   21.70191  32.2%   402 8470s
 697726 133542   23.35039   56  285   32.00000   21.71795  32.1%   402 8480s
 698446 133452 infeasible   58        32.00000   21.73222  32.1%   402 8490s
 699324 133165 infeasible   51        32.00000   21.74634  32.0%   402 8501s
 700122 132902   24.82060   52  349   32.00000   21.76351  32.0%   402 8511s
 700830 132815 infeasible   64        32.00000   21.77915  31.9%   402 8522s
 701607 132692 infeasible   48        32.00000   21.78835  31.9%   402 8532s
 702089 132505 infeasible   49        32.00000   21.78907  31.9%   402 8543s
 702679 132291   28.18252   53  276   32.00000   21.79057  31.9%   402 8553s
 703238 132198   24.08982   46  383   32.00000   21.80436  31.9%   402 8564s
 704196 131917 infeasible   54        32.00000   21.82824  31.8%   402 8575s
 704964 131607 infeasible   52        32.00000   21.84425  31.7%   402 8586s
 705781 131523 infeasible   48        32.00000   21.85654  31.7%   402 8597s
 706669 131270 infeasible   64        32.00000   21.87123  31.7%   402 8608s
 707470 131008   24.80198   48  275   32.00000   21.88144  31.6%   402 8619s
 708348 130937     cutoff   49        32.00000   21.89484  31.6%   402 8629s
 709199 130637 infeasible   59        32.00000   21.90859  31.5%   402 8640s
 710003 130334     cutoff   51        32.00000   21.92470  31.5%   402 8650s
 710861 130060     cutoff   60        32.00000   21.93953  31.4%   402 8661s
 711576 129977   25.20303   52  294   32.00000   21.95454  31.4%   402 8671s
 712501 129675 infeasible   49        32.00000   21.96548  31.4%   402 8682s
 713248 129393 infeasible   46        32.00000   21.97811  31.3%   402 8693s
 714006 129315   23.31376   50  288   32.00000   21.99286  31.3%   402 8704s
 714945 129022     cutoff   51        32.00000   22.00339  31.2%   402 8714s
 715782 128952 infeasible   45        32.00000   22.01778  31.2%   402 8724s
 716660 128717   24.78066   47  338   32.00000   22.02731  31.2%   402 8735s
 717404 128396 infeasible   45        32.00000   22.03729  31.1%   402 8746s
 718172 128052     cutoff   56        32.00000   22.05408  31.1%   402 8757s
 718967 127884 infeasible   55        32.00000   22.07164  31.0%   402 8767s
 719798 127602   25.22777   56  433   32.00000   22.08408  31.0%   402 8778s
 720595 127453   24.77094   49  266   32.00000   22.09588  31.0%   402 8788s
 721569 127193 infeasible   52        32.00000   22.10442  30.9%   402 8799s
 722288 126910 infeasible   44        32.00000   22.12342  30.9%   402 8809s
 723141 126857   22.34373   45  406   32.00000   22.13808  30.8%   402 8820s
 724046 126589 infeasible   54        32.00000   22.14634  30.8%   402 8830s
 724855 126324   22.36352   45  325   32.00000   22.15990  30.8%   402 8841s
 725626 126045 infeasible   57        32.00000   22.17210  30.7%   402 8851s
 726405 125951   27.23332   50  274   32.00000   22.18562  30.7%   402 8861s
 727298 125627 infeasible   46        32.00000   22.19825  30.6%   402 8872s
 728070 125508 infeasible   52        32.00000   22.21271  30.6%   402 8882s
 728998 125242 infeasible   56        32.00000   22.22381  30.6%   402 8892s
 729767 124944   29.52638   65  246   32.00000   22.23537  30.5%   402 8902s
 730580 124794   29.88772   47  112   32.00000   22.25049  30.5%   402 8912s
 731425 124495 infeasible   51        32.00000   22.26118  30.4%   402 8923s
 732116 124198 infeasible   57        32.00000   22.27658  30.4%   402 8933s
 732883 124102     cutoff   54        32.00000   22.28987  30.3%   402 8944s
 733784 123786 infeasible   53        32.00000   22.29868  30.3%   402 8954s
 734556 123472 infeasible   54        32.00000   22.31321  30.3%   402 8965s
 735363 123334 infeasible   47        32.00000   22.32594  30.2%   402 8975s
 736241 123085 infeasible   53        32.00000   22.33766  30.2%   402 8985s
 737102 122820   27.49275   48  265   32.00000   22.35156  30.2%   402 8996s
 738019 122723 infeasible   51        32.00000   22.36546  30.1%   402 9006s
 738807 122464   29.26414   49  257   32.00000   22.37714  30.1%   402 9016s
 739619 122174   27.30724   52  334   32.00000   22.38615  30.0%   402 9027s
 740368 122028 infeasible   57        32.00000   22.40530  30.0%   402 9037s
 741230 121893     cutoff   53        32.00000   22.41491  30.0%   402 9047s
 741663 121586 infeasible   49        32.00000   22.41704  29.9%   402 9057s
 742407 121439   26.38728   58  259   32.00000   22.43175  29.9%   402 9068s
 743381 121143 infeasible   47        32.00000   22.44722  29.9%   402 9078s
 744140 120832 infeasible   58        32.00000   22.46046  29.8%   402 9088s
 744959 120672   25.53010   52  273   32.00000   22.47462  29.8%   402 9098s
 745806 120398 infeasible   51        32.00000   22.48589  29.7%   402 9109s
 746524 120094     cutoff   50        32.00000   22.49934  29.7%   403 9119s
 747403 119959 infeasible   53        32.00000   22.51328  29.6%   402 9129s
 748254 119657 infeasible   51        32.00000   22.52608  29.6%   402 9140s
 748988 119385 infeasible   50        32.00000   22.52881  29.6%   402 9151s
 749703 119302 infeasible   58        32.00000   22.54939  29.5%   403 9162s
 750595 119012   28.34707   49  324   32.00000   22.55926  29.5%   402 9172s
 751420 118708 infeasible   51        32.00000   22.57097  29.5%   402 9183s
 752218 118410 infeasible   50        32.00000   22.58533  29.4%   403 9193s
 753048 118265   25.98295   47  386   32.00000   22.60360  29.4%   403 9204s
 753951 117923   26.80964   49  248   32.00000   22.61165  29.3%   402 9215s
 754767 117728 infeasible   55        32.00000   22.62893  29.3%   402 9227s
 755634 117390     cutoff   49        32.00000   22.63898  29.3%   402 9238s
 756339 117066 infeasible   42        32.00000   22.65680  29.2%   403 9249s
 757125 116829     cutoff   46        32.00000   22.66918  29.2%   403 9260s
 757990 116462 infeasible   53        32.00000   22.68628  29.1%   403 9270s
 758783 116170   22.87708   51  375   32.00000   22.69939  29.1%   403 9281s
 759592 116076   25.64703   51  323   32.00000   22.71538  29.0%   403 9291s
 760247 115819 infeasible   68        32.00000   22.71683  29.0%   403 9302s
 760923 115706 infeasible   49        32.00000   22.71984  29.0%   403 9312s
 761639 115387 infeasible   47        32.00000   22.72924  29.0%   403 9323s
 762534 115020   29.41918   58  351   32.00000   22.76110  28.9%   402 9334s
 763321 114856 infeasible   46        32.00000   22.77736  28.8%   403 9344s
 764310 114551 infeasible   50        32.00000   22.79418  28.8%   402 9355s
 765143 114225 infeasible   52        32.00000   22.80879  28.7%   402 9365s
 765932 114052   28.52780   46  181   32.00000   22.82555  28.7%   402 9375s
 766893 113679   28.28884   70   77   32.00000   22.83403  28.6%   402 9385s
 767732 113514   26.66213   57  378   32.00000   22.85271  28.6%   402 9396s
 768628 113236 infeasible   52        32.00000   22.86405  28.5%   402 9406s
 769463 112915   24.58473   58  297   32.00000   22.88004  28.5%   402 9416s
 770285 112786 infeasible   63        32.00000   22.89539  28.5%   402 9426s
 771191 112440 infeasible   54        32.00000   22.90709  28.4%   402 9436s
 772005 112041   25.07952   50  358   32.00000   22.92377  28.4%   402 9447s
 772825 111846   26.91978   54  344   32.00000   22.94466  28.3%   402 9457s
 773657 111478 infeasible   51        32.00000   22.95640  28.3%   402 9467s
 774494 111165 infeasible   43        32.00000   22.96983  28.2%   402 9477s
 775326 110964 infeasible   45        32.00000   22.98677  28.2%   402 9487s
 776268 110658     cutoff   50        32.00000   22.99985  28.1%   402 9497s
 777062 110298   26.09507   42  294   32.00000   23.01522  28.1%   402 9507s
 777860 110095     cutoff   64        32.00000   23.03695  28.0%   402 9517s
 778745 109771 infeasible   63        32.00000   23.04758  28.0%   402 9527s
 779501 109581 infeasible   48        32.00000   23.06576  27.9%   402 9537s
 780321 109204   27.35990   51  370   32.00000   23.07853  27.9%   402 9547s
 781217 108837 infeasible   52        32.00000   23.09560  27.8%   402 9556s
 782132 108561   26.35432   46  275   32.00000   23.11292  27.8%   402 9566s
 783050 108258     cutoff   55        32.00000   23.12793  27.7%   402 9576s
 783804 108004 infeasible   57        32.00000   23.14428  27.7%   402 9585s
 784655 107675 infeasible   46        32.00000   23.15565  27.6%   402 9594s
 785413 107442   23.31528   54  361   32.00000   23.16897  27.6%   402 9604s
 786029 107284   26.73693   55  315   32.00000   23.17068  27.6%   402 9614s
 786796 106962   26.76132   56  322   32.00000   23.17310  27.6%   402 9624s
 787605 106798   28.46015   57  343   32.00000   23.20352  27.5%   402 9634s
 788427 106650     cutoff   55        32.00000   23.21234  27.5%   402 9644s
 788682 106386 infeasible   48        32.00000   23.21627  27.4%   402 9655s
 789225 106022 infeasible   50        32.00000   23.21923  27.4%   402 9665s
 789976 105838   29.13650   57  295   32.00000   23.23426  27.4%   402 9676s
 790754 105530   29.73991   46  270   32.00000   23.23504  27.4%   402 9686s
 791424 105337 infeasible   50        32.00000   23.26916  27.3%   402 9697s
 792419 105011   28.55347   55  323   32.00000   23.28674  27.2%   402 9707s
 793265 104634     cutoff   53        32.00000   23.30099  27.2%   402 9718s
 794117 104429 infeasible   54        32.00000   23.31919  27.1%   402 9728s
 794999 104014     cutoff   57        32.00000   23.32905  27.1%   402 9738s
 795787 103818     cutoff   53        32.00000   23.34650  27.0%   402 9748s
 796668 103469   27.73776   58  320   32.00000   23.36354  27.0%   402 9758s
 797505 103077 infeasible   51        32.00000   23.37732  26.9%   402 9768s
 798334 102847   23.58795   48  330   32.00000   23.39607  26.9%   402 9779s
 799178 102470     cutoff   50        32.00000   23.40668  26.9%   402 9789s
 800050 102149 infeasible   56        32.00000   23.42471  26.8%   402 9799s
 800936 101924   28.09258   44  190   32.00000   23.43780  26.8%   402 9808s
 801855 101569 infeasible   43        32.00000   23.44994  26.7%   402 9818s
 802685 101387 infeasible   51        32.00000   23.46836  26.7%   402 9828s
 803582 101086 infeasible   53        32.00000   23.47540  26.6%   401 9837s
 804315 100844   26.25460   50  287   32.00000   23.49129  26.6%   401 9847s
 805164 100586   25.75826   56  346   32.00000   23.50363  26.6%   401 9857s
 805936 100373 infeasible   46        32.00000   23.51408  26.5%   401 9866s
 806890 100037 infeasible   48        32.00000   23.52985  26.5%   401 9876s
 807681 99801   26.99648   69  342   32.00000   23.54510  26.4%   401 9885s
 808521 99476 infeasible   58        32.00000   23.55570  26.4%   401 9895s
 809410 99156     cutoff   50        32.00000   23.57017  26.3%   401 9905s
 810134 98967     cutoff   54        32.00000   23.58372  26.3%   401 9914s
 811054 98596 infeasible   54        32.00000   23.59446  26.3%   401 9924s
 811831 98221 infeasible   64        32.00000   23.61265  26.2%   401 9934s
 812658 98002 infeasible   65        32.00000   23.62619  26.2%   401 9944s
 813518 97660   28.17724   53  114   32.00000   23.63798  26.1%   401 9953s
 814318 97424 infeasible   52        32.00000   23.65377  26.1%   401 9963s
 815188 97097 infeasible   50        32.00000   23.66750  26.0%   401 9972s
 816084 96834 infeasible   51        32.00000   23.68048  26.0%   401 9982s
 816653 96478   25.98483   54   75   32.00000   23.68140  26.0%   401 9992s
 817402 96241 infeasible   63        32.00000   23.70263  25.9%   401 10001s
 818254 95930   29.07643   55  259   32.00000   23.72123  25.9%   401 10011s
 819034 95764     cutoff   53        32.00000   23.73669  25.8%   401 10021s
 819963 95450 infeasible   53        32.00000   23.74680  25.8%   401 10031s
 820829 95087   27.24550   61  254   32.00000   23.75842  25.8%   401 10040s
 821618 94655 infeasible   56        32.00000   23.77616  25.7%   401 10050s
 822451 94430 infeasible   64        32.00000   23.79602  25.6%   401 10059s
 823335 94056     cutoff   54        32.00000   23.80764  25.6%   401 10068s
 824145 93876 infeasible   65        32.00000   23.82191  25.6%   401 10077s
 824966 93553 infeasible   55        32.00000   23.83129  25.5%   401 10087s
 825781 93192 infeasible   52        32.00000   23.84522  25.5%   401 10096s
 826611 93001 infeasible   48        32.00000   23.86216  25.4%   401 10105s
 827448 92668 infeasible   67        32.00000   23.87225  25.4%   401 10114s
 828219 92306 infeasible   47        32.00000   23.88324  25.4%   400 10124s
 829040 92093   26.26795   52  361   32.00000   23.90228  25.3%   400 10133s
 830003 91756 infeasible   65        32.00000   23.91358  25.3%   400 10142s
 830797 91559     cutoff   45        32.00000   23.92581  25.2%   400 10151s
 831684 91247   26.17797   56  388   32.00000   23.93944  25.2%   400 10160s
 832477 90939 infeasible   69        32.00000   23.95540  25.1%   400 10170s
 833386 90723   26.11437   50  100   32.00000   23.96793  25.1%   400 10179s
 834367 90398   27.48199   64  351   32.00000   23.98025  25.1%   400 10188s
 835198 90088     cutoff   51        32.00000   23.99442  25.0%   400 10197s
 835977 89881   28.99371   52  253   32.00000   24.00859  25.0%   400 10206s
 836883 89625     cutoff   47        32.00000   24.02132  24.9%   400 10215s
 837559 89359   26.13424   54  431   32.00000   24.02942  24.9%   400 10224s
 838228 89119 infeasible   49        32.00000   24.03265  24.9%   400 10233s
 839099 88809 infeasible   54        32.00000   24.05113  24.8%   400 10242s
 839901 88608   27.62784   53  280   32.00000   24.06765  24.8%   400 10251s
 840842 88275 infeasible   49        32.00000   24.07765  24.8%   400 10260s
 841646 87927 infeasible   48        32.00000   24.09259  24.7%   400 10269s
 842344 87770     cutoff   53        32.00000   24.10898  24.7%   400 10278s
 843217 87428 infeasible   56        32.00000   24.11730  24.6%   399 10287s
 844159 87067   27.74322   56  336   32.00000   24.13041  24.6%   399 10296s
 844960 86844   29.28710   58   80   32.00000   24.14970  24.5%   399 10304s
 845867 86554   26.62776   56  342   32.00000   24.16083  24.5%   399 10313s
 846655 86330     cutoff   50        32.00000   24.17431  24.5%   399 10322s
 847502 86027   29.45067   48  407   32.00000   24.18917  24.4%   399 10330s
 848268 85714   26.99842   51  332   32.00000   24.20006  24.4%   399 10339s
 849015 85575     cutoff   56        32.00000   24.21446  24.3%   399 10349s
 849716 85217   28.74006   53  372   32.00000   24.21650  24.3%   399 10358s
 850561 85009 infeasible   54        32.00000   24.23689  24.3%   399 10367s
 851211 84672 infeasible   45        32.00000   24.24020  24.2%   399 10376s
 851932 84259     cutoff   56        32.00000   24.25334  24.2%   399 10385s
 852724 84019   28.35346   56  272   32.00000   24.27934  24.1%   399 10395s
 853582 83642 infeasible   52        32.00000   24.29347  24.1%   399 10404s
 854383 83407   26.08988   64  413   32.00000   24.30825  24.0%   399 10413s
 855300 83081     cutoff   51        32.00000   24.31892  24.0%   399 10422s
 856067 82844   26.63444   52  280   32.00000   24.33721  23.9%   399 10431s
 856941 82453 infeasible   49        32.00000   24.34670  23.9%   399 10440s
 857830 82079   29.18620   48  227   32.00000   24.36327  23.9%   399 10449s
 858563 81818 infeasible   52        32.00000   24.37722  23.8%   399 10458s
 859443 81510 infeasible   48        32.00000   24.39144  23.8%   398 10467s
 860176 81231     cutoff   62        32.00000   24.40243  23.7%   398 10476s
 861072 80854   28.57025   54  370   32.00000   24.41871  23.7%   398 10485s
 861883 80479 infeasible   51        32.00000   24.43051  23.7%   398 10494s
 862738 80249 infeasible   48        32.00000   24.44905  23.6%   398 10503s
 863594 79827 infeasible   55        32.00000   24.46009  23.6%   398 10512s
 864393 79589   27.77684   64  287   32.00000   24.47736  23.5%   398 10521s
 865233 79163 infeasible   60        32.00000   24.48737  23.5%   398 10529s
 866044 78763   29.00495   55  363   32.00000   24.50571  23.4%   398 10538s
 866831 78552   24.69621   49  121   32.00000   24.52246  23.4%   398 10547s
 867656 78147   27.91660   51  363   32.00000   24.53310  23.3%   398 10555s
 868514 77735 infeasible   58        32.00000   24.55292  23.3%   398 10564s
 869348 77501     cutoff   55        32.00000   24.57250  23.2%   398 10572s
 870174 77157 infeasible   52        32.00000   24.58337  23.2%   398 10581s
 870998 76926   26.78596   48  127   32.00000   24.60018  23.1%   398 10590s
 871926 76529     cutoff   66        32.00000   24.61532  23.1%   398 10599s
 872771 76182   29.51533   52  375   32.00000   24.63474  23.0%   397 10607s
 873609 75921 infeasible   68        32.00000   24.65076  23.0%   397 10616s
 874457 75523     cutoff   54        32.00000   24.66560  22.9%   397 10625s
 875380 75262     cutoff   54        32.00000   24.68219  22.9%   397 10633s
 876391 74954   26.01166   59  106   32.00000   24.69734  22.8%   397 10642s
 877229 74636 infeasible   52        32.00000   24.71400  22.8%   397 10650s
 877948 74352   28.29340   51  257   32.00000   24.72592  22.7%   397 10658s
 878872 73961   29.74946   54  225   32.00000   24.74038  22.7%   397 10667s
 879634 73746   27.40409   49  293   32.00000   24.76165  22.6%   397 10675s
 880557 73351     cutoff   70        32.00000   24.77392  22.6%   397 10684s
 881347 73035 infeasible   59        32.00000   24.79223  22.5%   397 10692s
 882050 72846   26.75819   54  378   32.00000   24.79530  22.5%   397 10701s
 882790 72467   29.81416   55  234   32.00000   24.80719  22.5%   397 10709s
 883699 72180   28.31282   53  315   32.00000   24.83572  22.4%   396 10718s
 884564 71810 infeasible   52        32.00000   24.85128  22.3%   396 10726s
 885391 71541 infeasible   48        32.00000   24.86926  22.3%   396 10734s
 886294 71157   28.82403   55  328   32.00000   24.88663  22.2%   396 10742s
 887152 70795 infeasible   61        32.00000   24.90557  22.2%   396 10750s
 887943 70543     cutoff   53        32.00000   24.92168  22.1%   396 10758s
 888845 70176     cutoff   46        32.00000   24.93887  22.1%   396 10767s
 889574 69820     cutoff   69        32.00000   24.95431  22.0%   396 10774s
 890419 69547   29.97874   51  189   32.00000   24.97317  22.0%   396 10782s
 891379 69188     cutoff   61        32.00000   24.98910  21.9%   396 10790s
 892085 69067     cutoff   46        32.00000   25.00274  21.9%   396 10799s
 892521 68865   29.10588   54  357   32.00000   25.01171  21.8%   396 10807s
 892931 68719   29.30127   55  353   32.00000   25.01273  21.8%   396 10816s
 893399 68417   29.60051   56  330   32.00000   25.01487  21.8%   395 10825s
 894098 68007     cutoff   53        32.00000   25.03819  21.8%   395 10833s
 895008 67678   27.82486   42  116   32.00000   25.06685  21.7%   395 10842s
 895876 67264 infeasible   51        32.00000   25.08505  21.6%   395 10851s
 896735 66919   27.52184   68  438   32.00000   25.10327  21.6%   395 10860s
 897666 66542     cutoff   56        32.00000   25.11929  21.5%   395 10868s
 898513 66244     cutoff   58        32.00000   25.14062  21.4%   395 10876s
 899463 65822     cutoff   51        32.00000   25.15535  21.4%   395 10885s
 900322 65334   29.60773   49  283   32.00000   25.17631  21.3%   395 10893s
 901239 65043     cutoff   52        32.00000   25.19753  21.3%   395 10901s
 902085 64900   29.25776   69  298   32.00000   25.21009  21.2%   395 10911s
 902433 64861   25.85599   53  349   32.00000   25.22051  21.2%   395 10920s
 902496 64723   26.77055   54  361   32.00000   25.22051  21.2%   395 10928s
 902787 64420   27.77235   55  356   32.00000   25.22213  21.2%   395 10937s
 903442 64045   27.64644   50  299   32.00000   25.22703  21.2%   394 10946s
 904356 63613 infeasible   50        32.00000   25.25212  21.1%   394 10955s
 905293 63269 infeasible   53        32.00000   25.27751  21.0%   394 10964s
 906252 62817 infeasible   63        32.00000   25.29455  21.0%   394 10972s
 907259 62576   27.08096   58  378   32.00000   25.31792  20.9%   394 10981s
 908089 62088     cutoff   50        32.00000   25.33230  20.8%   394 10989s
 909037 61731 infeasible   61        32.00000   25.35256  20.8%   394 10997s
 910001 61266 infeasible   47        32.00000   25.36894  20.7%   394 11006s
 910843 60934 infeasible   51        32.00000   25.39141  20.7%   394 11014s
 911710 60542     cutoff   54        32.00000   25.40413  20.6%   394 11022s
 912584 60094   27.63970   46  317   32.00000   25.42488  20.5%   393 11030s
 913517 59755   29.49795   52  355   32.00000   25.44685  20.5%   393 11038s
 914449 59371 infeasible   62        32.00000   25.46657  20.4%   393 11046s
 915302 59060   28.97386   49  162   32.00000   25.48465  20.4%   393 11053s
 916198 58656   28.75495   56  347   32.00000   25.50095  20.3%   393 11061s
 917073 58331 infeasible   49        32.00000   25.51987  20.3%   393 11069s
 918009 57893   28.23058   54  376   32.00000   25.53562  20.2%   393 11077s
 918826 57594     cutoff   56        32.00000   25.55912  20.1%   393 11085s
 919311 57194 infeasible   52        32.00000   25.56122  20.1%   393 11093s
 920166 56764 infeasible   52        32.00000   25.58041  20.1%   393 11101s
 921028 56409 infeasible   49        32.00000   25.60929  20.0%   392 11108s
 922023 55988     cutoff   65        32.00000   25.62851  19.9%   392 11116s
 922953 55586   26.39001   47  153   32.00000   25.65034  19.8%   392 11124s
 923830 55291 infeasible   52        32.00000   25.67216  19.8%   392 11131s
 924776 54874 infeasible   55        32.00000   25.68995  19.7%   392 11139s
 925647 54549 infeasible   48        32.00000   25.70950  19.7%   392 11146s
 926590 54175 infeasible   54        32.00000   25.72684  19.6%   392 11154s
 927398 53750 infeasible   58        32.00000   25.74248  19.6%   392 11161s
 928309 53446 infeasible   53        32.00000   25.76433  19.5%   391 11169s
 929125 53069     cutoff   56        32.00000   25.77979  19.4%   391 11176s
 929894 52797   27.09709   58  256   32.00000   25.79879  19.4%   391 11183s
 930762 52426     cutoff   59        32.00000   25.81088  19.3%   391 11190s
 931611 52071 infeasible   50        32.00000   25.82960  19.3%   391 11198s
 932535 51625     cutoff   65        32.00000   25.84981  19.2%   391 11205s
 933476 51179     cutoff   52        32.00000   25.86952  19.2%   391 11212s
 934340 50898   27.56991   53  397   32.00000   25.89177  19.1%   391 11219s
 935258 50473   28.14803   63  402   32.00000   25.90251  19.1%   391 11226s
 936129 50149 infeasible   52        32.00000   25.92792  19.0%   390 11233s
 936928 49747     cutoff   57        32.00000   25.94536  18.9%   390 11240s
 937799 49570 infeasible   53        32.00000   25.96032  18.9%   390 11247s
 938239 49318   28.84682   54  369   32.00000   25.96052  18.9%   390 11254s
 938768 49064 infeasible   56        32.00000   25.97158  18.8%   390 11261s
 939420 48720 infeasible   51        32.00000   25.97276  18.8%   390 11268s
 940078 48350     cutoff   44        32.00000   26.00370  18.7%   390 11276s
 940930 47867     cutoff   53        32.00000   26.03839  18.6%   390 11283s
 941799 47367 infeasible   49        32.00000   26.06169  18.6%   390 11290s
 942694 46990 infeasible   53        32.00000   26.09099  18.5%   389 11297s
 943631 46542     cutoff   65        32.00000   26.11425  18.4%   389 11304s
 944519 46132     cutoff   56        32.00000   26.14011  18.3%   389 11311s
 945436 45678   28.44722   59  386   32.00000   26.16014  18.2%   389 11318s
 946290 45268     cutoff   57        32.00000   26.18146  18.2%   389 11326s
 947265 44828 infeasible   49        32.00000   26.20191  18.1%   389 11332s
 948092 44348     cutoff   53        32.00000   26.22779  18.0%   389 11339s
 948965 44013     cutoff   51        32.00000   26.25263  18.0%   389 11346s
 949841 43530     cutoff   49        32.00000   26.27675  17.9%   388 11353s
 950737 43163     cutoff   48        32.00000   26.30372  17.8%   388 11360s
 951553 42742 infeasible   59        32.00000   26.32453  17.7%   388 11367s
 952342 42327 infeasible   54        32.00000   26.34330  17.7%   388 11374s
 953294 41850   29.50344   64  266   32.00000   26.37191  17.6%   388 11381s
 954175 41469 infeasible   60        32.00000   26.40030  17.5%   388 11387s
 955018 40966     cutoff   55        32.00000   26.42310  17.4%   388 11394s
 955963 40564 infeasible   56        32.00000   26.44588  17.4%   387 11401s
 956890 40141 infeasible   55        32.00000   26.47542  17.3%   387 11407s
 957730 39671 infeasible   57        32.00000   26.50668  17.2%   387 11414s
 958587 39223     cutoff   58        32.00000   26.53089  17.1%   387 11420s
 959539 38717 infeasible   51        32.00000   26.55508  17.0%   387 11427s
 960430 38304     cutoff   54        32.00000   26.59352  16.9%   387 11433s
 961388 37796 infeasible   48        32.00000   26.61877  16.8%   387 11439s
 962251 37389 infeasible   46        32.00000   26.64366  16.7%   386 11446s
 963117 36896   29.14873   60  302   32.00000   26.66768  16.7%   386 11452s
 963981 36482   27.96187   52  107   32.00000   26.69737  16.6%   386 11458s
 964868 35994     cutoff   51        32.00000   26.72817  16.5%   386 11464s
 965743 35472     cutoff   60        32.00000   26.76215  16.4%   386 11470s
 966703 34958     cutoff   55        32.00000   26.79811  16.3%   386 11476s
 967635 34469 infeasible   50        32.00000   26.83355  16.1%   385 11482s
 968507 33993 infeasible   58        32.00000   26.85924  16.1%   385 11488s
 969394 33478   28.59228   67   55   32.00000   26.89694  15.9%   385 11494s
 970265 32997 infeasible   59        32.00000   26.93553  15.8%   385 11500s
 971182 32384     cutoff   49        32.00000   26.96578  15.7%   385 11505s
 972212 31855   29.36759   52  316   32.00000   27.00871  15.6%   385 11511s
 973213 31328   29.29937   70  268   32.00000   27.04360  15.5%   384 11516s
 974111 30830     cutoff   68        32.00000   27.08399  15.4%   384 11522s
 974950 30281     cutoff   58        32.00000   27.11554  15.3%   384 11527s
 975857 29756     cutoff   65        32.00000   27.15701  15.1%   384 11532s
 976807 29258 infeasible   57        32.00000   27.19400  15.0%   384 11538s
 977667 28669 infeasible   49        32.00000   27.22638  14.9%   383 11543s
 978564 28126     cutoff   47        32.00000   27.27232  14.8%   383 11548s
 979460 27502     cutoff   52        32.00000   27.30428  14.7%   383 11553s
 980422 26956     cutoff   47        32.00000   27.35226  14.5%   383 11559s
 981360 26413     cutoff   54        32.00000   27.39340  14.4%   383 11564s
 982266 25884   28.42768   53  286   32.00000   27.43440  14.3%   383 11569s
 983179 25318 infeasible   55        32.00000   27.47522  14.1%   382 11574s
 984070 24757     cutoff   52        32.00000   27.51230  14.0%   382 11579s
 985002 24106     cutoff   58        32.00000   27.55807  13.9%   382 11584s
 986056 23526     cutoff   48        32.00000   27.60443  13.7%   382 11589s
 986940 22892     cutoff   50        32.00000   27.65521  13.6%   382 11594s
 987868 22266   29.43507   58   56   32.00000   27.70563  13.4%   381 11599s
 988899 21647     cutoff   58        32.00000   27.74134  13.3%   381 11603s
 989827 20886 infeasible   45        32.00000   27.79107  13.2%   381 11608s
 990881 20286     cutoff   56        32.00000   27.84314  13.0%   381 11612s
 991806 19698   28.68051   53  328   32.00000   27.89605  12.8%   380 11617s
 992632 19078 infeasible   64        32.00000   27.92738  12.7%   380 11621s
 993545 18434     cutoff   60        32.00000   27.98072  12.6%   380 11626s
 994428 17768     cutoff   66        32.00000   28.01742  12.4%   380 11630s
 996478 16168   28.58542   50  222   32.00000   28.12740  12.1%   379 11638s
 997505 15428     cutoff   68        32.00000   28.16989  12.0%   379 11643s
 998530 14588     cutoff   54        32.00000   28.22233  11.8%   379 11647s
 999583 13794 infeasible   51        32.00000   28.27404  11.6%   378 11650s
 1001557 12013 infeasible   57        32.00000   28.37773  11.3%   378 11658s
 1002708 11172     cutoff   45        32.00000   28.43308  11.1%   378 11662s
 1003738 10127     cutoff   52        32.00000   28.49549  11.0%   377 11665s
 1006159  7958 infeasible   51        32.00000   28.63458  10.5%   377 11672s
 1007503  6697 infeasible   55        32.00000   28.72334  10.2%   376 11675s
 1010424  4249     cutoff   55        32.00000   28.95868  9.50%   375 11681s
 1013274  1706     cutoff   67        32.00000   29.29773  8.44%   374 11686s

Cutting planes:
  Gomory: 5
  Lift-and-project: 11
  Cover: 69
  Implied bound: 3
  Clique: 13
  MIR: 9
  StrongCG: 3
  Flow cover: 84
  GUB cover: 2
  Inf proof: 36
  Zero half: 13
  Mod-K: 2
  RLT: 9

Explored 1016556 nodes (379528093 simplex iterations) in 11689.00 seconds (17623.18 work units)
Thread count was 16 (of 16 available processors)

Solution count 7: 32 34 38 ... 52

Optimal solution found (tolerance 1.00e-04)
Best objective 3.200000000000e+01, best bound 3.200000000000e+01, gap 0.0000%
